User Id,Name,Screen Name,Created At,Followers,Following,Favorites,Tweets,Lists,Language,Bio,Location,URL,Timezone,UTC Offset,Verified
2228878592,Andrew Yang,AndrewYang,Tue Dec 03 21:31:03 +0000 2013,431472,5008,8908,8621,2291,,2020 US Presidential Candidate (D). Entrepreneur & Founder of @venture4america My book: https://t.co/TLcOiHDrTR Join the campaign here: https://t.co/phur3ya6AG,USA,https://t.co/2VLilu1UX3,,,1
424320811,Catherine Clifford,CatClifford,Tue Nov 29 16:44:43 +0000 2011,21902,1123,6446,9581,923,,"Senior Entrepreneurship Writer for @CNBC. Brooklyn dweller, yogi, once-upon-a-time ballet dancer. Give more than you take. Cat[dot]Clifford[at]nbcuni[dot]com","New York, NY",https://t.co/uiw7GIYpRg,,,1
21522338,Marianne Williamson,marwilliamson,Sat Feb 21 22:19:22 +0000 2009,2644187,356,1052,15995,7483,,"Activist, Humanitarian and Entrepreneur. 2020 candidate for President of the United States. #marianne2020",,https://t.co/SyOz9zxoq8,,,1
20402945,CNBC,CNBC,Mon Feb 09 00:03:41 +0000 2009,3190936,699,205,288132,27598,,First in business worldwide.,"Englewood Cliffs, NJ",,,,1
25122184,The Keene Sentinel,Keene_Sentinel,Wed Mar 18 18:23:04 +0000 2009,5726,92,59,10964,209,,#1 in news for the Monadnock Region. Retweets ≠ endorsements. Stay updated with us: https://t.co/pJ7IOKq3bS https://t.co/FYiZYhX8hO,"Keene, New Hampshire",http://t.co/Yjf8CoE8DL,,,0
359755349,Annie Mehl,annie_mehl,Mon Aug 22 03:33:58 +0000 2011,201,382,2876,3618,8,,I am a reporter for the Carroll Times Herald in Iowa. I spend my days with elementary school students that treat me like a celebrity.,"Carroll, IA",https://t.co/y9Q7pJ9Psw,,,0
29608625,Bianca Facchinei,BiancaFacchinei,Wed Apr 08 01:52:00 +0000 2009,4643,589,5577,10698,102,,Politics Reporter @Newsy | Facebook + Instagram: @BiancaFacchinei | RTs ≠ endorsements,"Washington, DC",https://t.co/GksmrW7xSY,,,0
9783422,Newsy,Newsy,Mon Oct 29 20:49:29 +0000 2007,66823,1803,2646,76184,1066,,Be informed. Not influenced.  Get a daily dose of non-partisan news delivered to your inbox 👉https://t.co/Hb3V4jOo4r,,,,,1
1026713720,Brett Mohler,BrettMohler,Fri Dec 21 16:32:19 +0000 2012,42,311,122,175,4,,"Manufacturing Engineer, geek, techie, and a happy dad. #Yang2020,","Iowa, USA",https://t.co/h1ASJhcePz,,,0
68792855,Luke Thomas,LRRthomas,Tue Aug 25 20:03:32 +0000 2009,214,461,709,3178,13,,"Web Developer @atlasobscura; writes & occasionally publishes, too",New York,http://t.co/avVyREgNuV,,,0
603477742,Zakiya 🌻,mindless_zakiya,Sat Jun 09 09:59:42 +0000 2012,2500,2834,63695,29675,7,,DMV. (Graphic) Designer. Modelpreneur. Creator of BlackAndFlourishing. Lover of everything black. Pronoia 🦋,✈️ ,,,,0
14600116,John Battelle,johnbattelle,Wed Apr 30 13:38:52 +0000 2008,267067,2341,12422,17598,6354,,"A Founder of NewCo, sovrn, Federated Media, Web 2 Summit, Industry Standard, Wired; investor & writer on Media, Tech, Culture, Business. Producer, Shift Forum","New York, NY by way of Marin. California in my blood. NY in my brain.",https://t.co/zOxbsSTOos,,,1
27259037,Bing Pan London Chen,BingChen,Sat Mar 28 16:35:54 +0000 2009,14776,2090,12649,14151,216,,"Creator/Builder | @GoldHouseCo, @YouTube, @YTCreators, @Google, @Penn, Child | @ForbesUnder30, @THR #NextGen & #AgentofChange, @TIME 2006 Person of the Year","Earth; also, Hometown Buffet",https://t.co/fAfMibmQVN,,,1
1398479138,Claire Lehmann,clairlemon,Fri May 03 00:18:34 +0000 2013,157354,3040,40951,9479,1791,,Founding Editor @Quillette.,"Sydney, Australia",https://t.co/REww1rgaF8,,,1
43008388,Benny Luo,bennyluo,Thu May 28 00:46:02 +0000 2009,9896,1436,856,20869,263,,"@ForbesUnder30 Founder @NextShark, @NewRockstars",Orange County,https://t.co/wnkgpG0Ov1,,,1
40260612,Bill Press,BillPressPod,Fri May 15 15:18:55 +0000 2009,32185,1560,3174,34536,889,,a deep dive into the crises and emergencies facing the country with the people trying to solve them,"Washington, DC",https://t.co/zTHvBmcIaK,,,0
14297863,Scott Santens,scottsantens,Thu Apr 03 23:37:19 +0000 2008,88541,83756,420029,81086,1810,,Writer and Unconditional Basic Income (UBI) advocate with a crowdfunded #BasicIncome via @Patreon; Board of Directors @USBIG; Editor-in-Chief of @TheUBINewsHub,"New Orleans, LA",https://t.co/1muSRhRH9V,,,1
64861521,Carroll Times Herald,carrollspaper,Tue Aug 11 23:25:39 +0000 2009,1130,128,20,9992,39,,"Stories, breaking news, opinion, sports, photos and more from the Carroll Times Herald, Iowa's Newspaper of the Year in 2013. Newsletter: https://t.co/9BWWJrY6hg","Carroll, Iowa",,,,0
91478624,Forbes,Forbes,Sat Nov 21 02:09:57 +0000 2009,15430530,5377,10325,216032,57172,,"Official Twitter account of https://t.co/LUUqtjU6Xh, homepage for the world's business leaders.","New York, NY",http://t.co/KH6EtekF5q,,,1
82643763,Paul Steinhauser,steinhauserNH1,Thu Oct 15 15:37:13 +0000 2009,15355,1821,216,14454,706,,"#nhpolitics most versatile reporter: @foxnewspolitics 
@ConMonitorNews @seacoastonline @JackHeathRadio @wkxlnh; Former @CNN Political Editor & NH1News Pol. Dir.","Concord, NH",https://t.co/f0SzYmSPZS,,,1
18691048,The Stranger 🗞,TheStranger,Tue Jan 06 19:36:50 +0000 2009,129443,413,7351,41477,1333,,"Seattle's Only Newspaper 🗞 You can’t live in Seattle without reading our blog, Slog 👑 Every tweet is a mistake","Seattle, WA",https://t.co/wc3yFBqEB5,,,1
20094138,RealClearPolitics,RealClearNews,Wed Feb 04 21:11:56 +0000 2009,148581,1150,35,22116,4031,,"RealClearPolitics (RCP) is an independent, non-partisan media company that is the trusted source for the best news, analysis and commentary.",,http://t.co/J55LkkCV01,,,1
138515671,Stephen Babcock,stephenbabcock,Thu Apr 29 19:37:58 +0000 2010,1571,2056,273,3466,62,,"Assistant Editor, @Technical_ly. Subscribe to my curated weekday newsletter on Baltimore news/events: https://t.co/W3G8z2oLKu","Baltimore, MD",http://t.co/FR27KLVS9i,,,0
16261445,Tim Farley,MorningBriefing,Fri Sep 12 18:57:01 +0000 2008,18547,941,2130,25854,306,,Host Morning Briefing POTUS (Sirius XM Radio - channel 124),"Washington, DC",https://t.co/JGuajl9JGJ,,,1
1013374544,Tim Black ™,RealTimBlack,Sat Dec 15 15:02:40 +0000 2012,64079,19977,20671,41688,685,,"America’s Most watched Black Independent Media on the Left! Show Host, Social Critic, Pundit. Owner of TBTV. Fighter for Humanity. #timblackshow","Washington, DC",https://t.co/OrpoYyYHEG,,,1
20295069,Michael Joyce,chencenter,Sat Feb 07 05:09:38 +0000 2009,371,158,724,3688,21,,"Myoskeletal Alignment therapist who teaches: Chen Taijiquan, Fencing & Self-Defense. Founder of the Joyce18 form and martial blog @CombativeCorner. #Yang2020","Winston-Salem, North Carolina,",http://t.co/nto5U9tAL0,,,0
87818409,The Guardian,guardian,Thu Nov 05 23:49:19 +0000 2009,7808757,1086,144,534358,59719,,The need for independent journalism has never been greater. Become a Guardian supporter: https://t.co/gWyuUVlObq,London,https://t.co/c53pnmnuIT,,,1
2263438704,Gillian Turner,GillianHTurner,Thu Dec 26 23:01:36 +0000 2013,57536,1086,29830,9860,447,,"@FoxNews Correspondent covering natl security, foreign policy, cyber | National Security Council, Bush & Obama Admins | Opinions are my dog's","Washington, DC",https://t.co/gqNGCc7kne,,,1
22795270,The Blade,toledonews,Wed Mar 04 16:29:50 +0000 2009,76086,639,656,140201,846,,Pulitzer Prize-winning newspaper that has been NW Ohio and SE Michigan's No. 1 news source for over 180 years.,"Toledo, OH",https://t.co/XynKx3EsUg,,,1
7015112,Albert Wenger,albertwenger,Fri Jun 22 13:35:26 +0000 2007,55532,2099,15707,13172,2044,,VC at http://t.co/ob75pN98ID,New York,http://t.co/sSAIPyl4wk,,,1
3387082966,Holly Baxter,h0llyb4xter,Wed Jul 22 09:20:14 +0000 2015,6784,792,3503,4267,110,,"Editor, @independent Comment Desk (US). Pitch me: holly.baxter@independent.co.uk 
Also writes books. Agent: https://t.co/lmRRYn1Lyi","New York, NY",https://t.co/2iyDGYXu0M,,,1
885862944,Rock Toaster,RockToaster,Wed Oct 17 02:32:16 +0000 2012,158,131,4773,890,3,,"VFX Artist, Sci-Fi fan, science and technology enthusiast. I for one welcome our new robot overlords. #Yang2020 #UBI",,,,,0
65664369,Rachel Stassen-Berger,RachelSB,Fri Aug 14 15:48:08 +0000 2009,17553,3190,8612,73399,822,,"@DMRegister political editor, former MN Capitol bureau chief. Not a fan of winter or sinkholes. Loves dogs — and cats are nice, too. It’s already 2020 in Iowa.","Iowa, USA",,,,1
12576482,Susan Danziger,susandanziger,Wed Jan 23 02:29:11 +0000 2008,10043,5639,3193,3677,301,,Founder/CEO of @ziggeo. Angel investor. Woman of Influence. Forbes contributor. Fellow of Royal Society of Arts.,New York,https://t.co/WHmL8W2y0K,,,1
14662569,WMUR TV,WMUR9,Mon May 05 18:01:28 +0000 2008,127942,391,72,309520,1434,,"News, weather and sports updates from WMUR News 9 and http://t.co/OLoBoV59e7.",New Hampshire,http://t.co/L7Ckio68qL,,,1
14877389,Irshad,IrshadManji,Fri May 23 04:20:51 +0000 2008,29312,324,669,15557,678,,Founder of the @MoralCourage Academy. Dog-lovin' Muslim pundamentalist. But don't label me.,Honolulu | NYC | Beyond,https://t.co/LSFPb3nY5t,,,1
912078514014310402,Sisilili,SisiLiliDidi,Sun Sep 24 22:17:18 +0000 2017,495,23,705,2775,5,,"I don't belong to any Political Parities, but I'm supporting Andrew Yang for President! #FreedomDividend💰 #Yang2020🇺🇸 #YangGang👥",,,,,0
1421823955,Josh Brown,jbrownsc,Sat May 11 23:23:03 +0000 2013,291,608,5362,1199,5,,I used to be witty!,"San Francisco, CA",,,,0
981208355115974656,David Hoffman,TrustlessState,Tue Apr 03 16:34:36 +0000 2018,2160,587,4008,4650,41,,Chief of Operations of @realtplatform. Research at @BunkerCapital. The Ethereum side of @POVCryptopod. Ensuring the decentralized world is built right.,"Washington, USA",https://t.co/pSq8G206kI,,,0
931478725,Leeroy Jenkem,PotionWaveTV,Wed Nov 07 07:25:30 +0000 2012,308,433,54685,16035,7,,#Yang2020 • Jejune YouTuber https://t.co/YPVXrOvFuO • @_walla_walla ♡ Enjoy free tunes on my bandcamp(s)! https://t.co/42GdWLjBYa,chomplip.bandcamp.com,https://t.co/qOmLwkmCw3,,,0
811350,Alexis Ohanian Sr. 🚀,alexisohanian,Mon Mar 05 03:26:51 +0000 2007,272755,4634,37289,66321,4701,,"🚀 Cofounder & Managing Partner @Initialized (early stage VC, $36B in market value) 📖 Bestselling author ⬆️ Cofounder @Reddit 🎮 Owner @cloud9 👴🏻 @RealQaiQai",Worldwide,https://t.co/VU9vfPWTJo,,,1
759251,CNN,CNN,Fri Feb 09 00:35:02 +0000 2007,42172537,1108,1437,248974,138554,,It’s our job to #GoThere & tell the most difficult stories. Join us! For more breaking news updates follow @CNNBRK  & Download our app ?https://t.co/UCHG9M367J,,http://t.co/IaghNW8Xm2,,,1
14700823,Joe Talerico,jtalerico,Thu May 08 14:27:26 +0000 2008,152,219,901,466,7,,People read these? =),"North Carolina, USA",,,,0
32448559,MANIK,manik_nyc,Fri Apr 17 15:32:48 +0000 2009,9753,939,11269,29417,147,,Made in NYC & living in California :: DJ/Producer :: Host of “Welcome To My Crate XL” podcast🎙 :: NBA Fan 🏀 :: DJ Bookings ➡️ c@recgrief.com,Anti-Social Extrovert ,https://t.co/gJQJTuifkB,,,1
803637073,Ben Kissel,BenKissel,Wed Sep 05 01:57:35 +0000 2012,69729,71,36562,17835,289,,1/3 Owner of Last Podcast Network. Podcaster. Political Commentator. Comedian. Former candidate for BK Prez. Check out our special! https://t.co/qTMgRocpZ1,New York City,https://t.co/k1phbPBcfY,,,1
16347171,Nick Weig,tbweig,Thu Sep 18 14:22:28 +0000 2008,831,711,1050,8896,45,,"Father, Husband, @cbs2iowa &  @fox28iowa Political Reporter 📺, Storm Chaser🌪, Hawkeyes🏈🏀 & Cubs⚾ fan. RT not endorsements. Opinions are my own.","Marion, IA",https://t.co/dCkWnImx9G,,,1
2336824049,Colin Brant,SirColinBrant,Tue Feb 11 01:40:41 +0000 2014,231,358,828,1379,1,,Pseudo Intellectual with a Gambling Problem /// Director of Programming @wprk915fm /// Host of “The Hero’s Journey” Every Wednesday 4-5,"Florida, USA",,,,0
343650219,Kevin Stankiewicz,kevin_stank,Wed Jul 27 21:51:33 +0000 2011,2304,1020,34763,23944,45,,"Now: Education reporter and fixer, @DispatchAlerts | Always: proud alum @TheLantern, @PittsburghPG, @clevelandmag, @TheDevilier| he/him |",kstankiewicz@dispatch.com,https://t.co/q1UqRkXHfx,,,0
37676583,Herbie Huang,HerbieHuang,Mon May 04 15:00:17 +0000 2009,30,118,74,650,1,,,Chapel Hill,,,,0
470965372,Daniel Hughes,aerollama,Sun Jan 22 10:32:57 +0000 2012,9,33,80,249,0,,"Husband, Father of 6, Registered Nurse",,,,,0
738538436,David Simon,AoDespair,Sun Aug 05 12:53:48 +0000 2012,231182,477,4946,74602,2567,,"Author, journalist, and TV writer/producer.  Angriest Man in Television is faint praise indeed.","Baltimore, MD",http://t.co/HeZcYqokGo,,,1
138141495,(((Harry Enten))),ForecasterEnten,Wed Apr 28 18:52:15 +0000 2010,138200,149,1089,87096,3971,,"Son of a man who was far from perfect, but I loved him anyway._x000d_
_x000d_
Party ID does not equal Party Registration. #RenegadeJew","I trust no living human, but I do trust the polls.",https://t.co/97jmqtyeYE,,,1
3329842719,Iowa Caucus Project,IACaucusProject,Tue Jun 16 17:29:18 +0000 2015,530,188,198,939,25,,"The Iowa Caucus Project at @DrakeUniversity, telling the story of the 2020 #IAcaucus: real people, real events, meeting candidates, and sharing the experience.","Des Moines, IA",https://t.co/JbrcTfV093,,,0
335060282,Elizabeth C. McLaughlin,ECMcLaughlin,Thu Jul 14 02:47:43 +0000 2011,82938,1004,69187,32487,546,,"CEO, Gaia Project Consulting | Founder, Gaia Project for Women's Leadership | #ResistanceLive | Attorney | Badass Single Mom | She/Her | https://t.co/MvcsjdFnOD",LA/NY,https://t.co/fdfGHAy3rn,,,0
22835510,Owen Poinmonster,owenpoindexter,Wed Mar 04 21:15:30 +0000 2009,643,951,8511,4008,47,,Cohost of the Basic Income podcast: https://t.co/h3rhsc3d5G. Athletic Bay Area contributor: https://t.co/DacGXsSbSc. Space cat.,"Berkeley, CA",https://t.co/sBN2bQ2ZSV,,,0
2592461300,Dan Whipple,DanWhipple_,Sat Jun 28 04:33:23 +0000 2014,59,220,392,245,2,,"Technology evangelist, seeker of truth, justice, and the American microbrew.","Auburn, Wa",http://t.co/uN99zycRuW,,,0
16581604,Mike Bloomberg,MikeBloomberg,Fri Oct 03 18:31:59 +0000 2008,2299219,493,879,10991,11880,,"Entrepreneur, philanthropist, and three-term mayor of New York City",New York City,http://t.co/2qsq3Fk2kb,,,1
3775360879,Quillette,Quillette,Sun Oct 04 00:06:11 +0000 2015,157637,102,38,8743,1469,,Free thought lives.  Support: https://t.co/f4FSFvX7fO Instagram: https://t.co/cb7uDhEhMm,"Sydney, New South Wales",https://t.co/mvaIfX5Izu,,,0
15463671,Sam Stein,samstein,Thu Jul 17 03:38:29 +0000 2008,410974,1134,1202,57511,6949,,"Daily Beast/MSNBC  
newsletter: https://t.co/DVURxntWdL Email: steindailybeast [at] https://t.co/N8GNSmiLuw or samsteintdb [at] https://t.co/LpPvQHdIi0 or DM","Washington, D.C.",,,,1
16012783,The Daily Beast,thedailybeast,Wed Aug 27 15:24:02 +0000 2008,1220758,978,2983,288443,24261,,Independent. Intelligent. Influential. Send tips to tips@thedailybeast.com.,"New York, NY",https://t.co/68iIwjpBjB,,,1
14240065,MURS,MURS,Fri Mar 28 00:25:27 +0000 2008,129264,4498,12946,23101,2030,,A Strange Journey Into The Unimaginable • Available NOW https://t.co/6KSC56O5kp SC & IG: Murs booking: tschultz@paradigmagency.com,"ÜT: 34.140367,-117.2865",https://t.co/ClROGQotpY,,,1
9300262,POLITICO,politico,Mon Oct 08 00:29:38 +0000 2007,3842977,1426,29,308190,39459,,"Nobody knows politics like POLITICO. Got a news tip for us? 
👉 https://t.co/fp9nugJuND","Washington, D.C.",https://t.co/PPMyQsPlIg,,,1
462169232,Elena Schneider,ec_schneider,Thu Jan 12 17:03:02 +0000 2012,10664,1299,3097,17613,456,,"@politico national political reporter, formerly @nytimes, @TexasTribune, @MedillSchool. North Carolina native. Let's talk: eschneider@politico.com","Washington, DC",https://t.co/bNS0GdYF4h,,,1
54617733,Be A King,BerniceKing,Tue Jul 07 17:30:48 +0000 2009,248146,393,16741,12963,1667,,"Bernice A. King is a connector, communicator, community builder, CEO of @TheKingCenter, and child of legendary global influencers.","Atlanta, GA",https://t.co/zq0VeoIg6H,,,1
22734068,Kevin Cadogan,KevinCadogan,Wed Mar 04 04:35:58 +0000 2009,3804,1061,1180,2552,110,,"singer/songwriter, guitarist and music writer on Third Eye Blind debut and sophomore albums -Kevincadogan.com",Anywhere my music is playing,,,,1
280716675,Fast Co. Impact,FastCoImpact,Mon Apr 11 22:21:34 +0000 2011,213897,858,1162,62584,6532,,The big ideas that are changing the world,"New York, NY",https://t.co/Oe006g6Dr6,,,1
131868148,ERIK FIN,erikfinman,Sun Apr 11 15:48:28 +0000 2010,43294,665,16034,6615,491,,We launched a Satellite | @TIME's Most Influential Teen | Fixing Education | Youngest Bitcoin Millionaire | Half of what I say is satire | Launched CoinBits ⤵️,,https://t.co/hSCn3K9nNl,,,1
18659866,Jennifer Chung ✨✌️,JenniferJChung,Tue Jan 06 03:22:52 +0000 2009,13872,1554,4871,20426,372,,singer-songwriter (solo + @wearethesongs) + content creator https://t.co/7hKZYpsRBN + actor @people_store,,https://t.co/vmeZoK1rUs,,,1
46176168,Major Garrett,MajorCBS,Wed Jun 10 17:50:33 +0000 2009,189713,3163,3028,27991,5884,,"Chief WH Correspondent CBS News host @TakeoutPodcast author ""Mr. Trump’s Wild Ride” Available NOW. San Diego native @Mizzou grad @Padres @MUTigers","Washington, DC",,,,1
366393899,Justin Peligri,JustinPeligri,Fri Sep 02 02:59:30 +0000 2011,2277,1023,4449,9843,66,,jpeligri@theatlantic.com,"Washington, DC",,,,0
17878322,Charlamagne Tha God,cthagod,Thu Dec 04 20:44:49 +0000 2008,2088906,2458,79,12567,5742,,I bust Stupid Dope Moves and Bomb Atomically. https://t.co/XmHoxCJOJT,Under Your Skin,https://t.co/LB4MZT6duZ,,,1
16910406,djenvy,djenvy,Wed Oct 22 18:40:36 +0000 2008,809725,454,194,60646,2720,,For Bookings or Shows Contact 3473855863 or Blokmanagement@yahoo.com,"ÜT: 40.717782,-74.006142",https://t.co/aNejrA6nUD,,,1
849223975968309248,WikiTribune,WikiTribune,Tue Apr 04 11:35:48 +0000 2017,14300,2260,656,2862,414,,"A new media platform from Wikipedia founder @jimmy_wales. The news is broken, but we're going to fix it.","London, England",https://t.co/vp0JPrhH5n,,,1
24362769,CBS News Radio,CBSNewsRadio,Sat Mar 14 12:42:49 +0000 2009,38267,962,1236,100884,1753,,The original national radio news network. Get our apps for iOS (http://t.co/U1LUwGgxWm) or Android (http://t.co/kPlGF4rN58),NYC and Worldwide,https://t.co/XAJTRas3Kz,,,1
382906093,Dantastic,DanSamaSan,Fri Sep 30 22:23:09 +0000 2011,244,1328,4256,1809,1,,https://t.co/GUAEsIyY3z | Cofounder @Prolitfic,"Austin, TX",https://t.co/NZdvHkTKlI,,,0
15012486,CBS News,CBSNews,Thu Jun 05 00:54:31 +0000 2008,6773855,454,288,217942,49972,,Your source for original reporting and trusted news.,"New York, NY",https://t.co/VGut7r2Vg5,,,1
23818581,VICE,VICE,Wed Mar 11 20:00:38 +0000 2009,1967793,11204,4193,145525,17831,,Original reporting on everything that matters.,,https://t.co/AhZRzk2RGe,,,1
52573702,Anthony Zurcher,awzurcher,Wed Jul 01 00:26:01 +0000 2009,21082,2118,4522,24726,624,,"BBC senior North America reporter. A Texan who explains US politics to Brits, UK politics to Americans & Canadian politics to everyone. Views expressed ≠ BBC's","In and around Washington, D.C.",http://t.co/IFyzTpHJKX,,,1
582236408,Matty Stevans,SteelCityKid87,Wed May 16 22:57:15 +0000 2012,109,333,145,93,0,,"Astrophysics Ph.D. candidate.
I do science.","Austin, TX",,,,0
108027398,Corbin Cary,CorbinCary,Sun Jan 24 15:36:06 +0000 2010,482,402,2388,1662,3,,I run a record label called SVNSET WΛVES. I also probably don't agree with you on most things. @svnsetwaves,"Austin, TX",https://t.co/XTLTAJKp3X,,,0
17261066,Adam Best,adamcbest,Sat Nov 08 23:28:07 +0000 2008,158318,15488,35779,26603,1699,,@TheLeft podcast. Activist. Filmmaker. A judge made Trump unblock me. “Be Best” is not my fault. One letter away from being Batman. Former @FanSided Founder/CEO,"Austin, TX",https://t.co/qoiZr5m2iY,,,1
735086172,The Globe Post,TGlobePost,Fri Aug 03 15:44:02 +0000 2012,99614,35,5301,6617,344,,"News That Matters. For op-ed submissions, job and internship opportunities: editor@theglobepost.com",Washington D.C.,https://t.co/U2EcDwW34d,,,0
15930906,Angela Yee,angelayee,Thu Aug 21 13:12:44 +0000 2008,835766,2673,1033,105556,2695,,I'd rather be hated than a hater 💁🏽‍♀️ • ambassador @NYPL • co-owner @juicesforlifebk • co-owner @drinkfreshjuice • host @breakfastclubam • host #lipservice,Bookangelayee@gmail.com,https://t.co/ddGUi7iiwb,,,1
4922450361,Karen Hao,_KarenHao,Wed Feb 17 05:07:17 +0000 2016,7673,1086,3031,2779,299,,"demystifying AI @techreview. formerly: data scientist & reporter @qz, @MIT engineer. lover of beautiful things. sign up for my 💌: https://t.co/IozO3OBNV5.","Cambridge, MA",https://t.co/GLRsJxTEK8,,,1
211862961,Andrew Schroeder,simulacrandrew,Thu Nov 04 13:41:28 +0000 2010,1300,2976,7901,8325,73,,Co-founder @WeRobotics || Director of Research & Analysis @DirectRelief || My views don't necessarily reflect theirs.,"Ann Arbor, MI",https://t.co/CvyhylHSFh,,,0
937020045963665409,Mike Siegel,SiegelForTexas,Sat Dec 02 18:06:02 +0000 2017,6527,780,4477,1171,104,,"Teacher and civil rights lawyer, fighting for equal opportunity and social justice. 2018 Democratic nominee in #TX10. Working to finish the job in 2020.","Austin, TX",https://t.co/PwKavxUECt,,,1
351966537,Lacey Delayne Hunt 🗽💰🐐,LaceyDelayne,Tue Aug 09 23:44:59 +0000 2011,632,466,6779,4155,14,,"Go. Do. Be. Live.
#HR1044 #MedicareForAll #UBI #Yang2020 Challenge F*ing Accepted! I choose MATH.","Atlanta, GA",,,,0
182086979,Russell Brandom,russellbrandom,Mon Aug 23 20:09:43 +0000 2010,10029,2031,41584,22668,474,,Policy editor at @verge. Each of us narrates our life as it suits us. Signal: 412-401-5489 PGP: https://t.co/p9523iOteh,"New York, NY",https://t.co/W2SFxIXkC4,,,1
3290043501,divinetogether,KishaniObey,Tue May 19 14:44:17 +0000 2015,2773,360,35277,6354,62,,infinite intelligence leads and guides me 🧘🏽‍♀️ wanderlust ✨  #humanityfirst volunteer,by the beach ,https://t.co/lhAF09vuwh,,,0
307808408,Sri Preston Kulkarni,SriPKulkarni,Mon May 30 09:58:58 +0000 2011,7428,596,387,945,87,,"Democratic candidate for Congress in TX-22, Houston native, UT grad, former Foreign Service Officer.","Sugar Land-Pearland-Katy, TX",https://t.co/DFmWY4M4T3,,,1
18464266,Peter Daou,peterdaou,Tue Dec 30 00:21:14 +0000 2008,253201,990,29323,74470,3527,,War survivor. Former Clinton and Kerry adviser. Jazz musician. Married to @leeladaou. Author of Digital Civil War. https://t.co/kAk9BOVTkF,,http://t.co/PAymxiYMXb,,,1
72458702,Maxim Lott,maximlott,Tue Sep 08 03:16:06 +0000 2009,3484,1312,5257,7716,92,,"Exec producer for Stossel TV. Write for https://t.co/hxI7atNdsh. Created
https://t.co/6x3DOYQUX6 & https://t.co/WLp3KsHkZX maxim.lott@protonmail.com","New York, NY",https://t.co/6x3DOYQUX6,,,1
109974187,Zach Wahls,ZachWahls,Sat Jan 30 22:28:38 +0000 2010,46141,1229,11318,31801,490,,"Iowa Senator | Co-founder @scouts4equality & #TheWomanCards | Fan of @ChloeAngyal, Iowa, the @Packers, the Hawkeyes & the Republic.","Coralville, IA",https://t.co/ogPuGVztwx,,,1
1594827866,Duncan,slam__dunkk,Mon Jul 15 02:56:55 +0000 2013,424,724,9105,5459,5,,𝙏𝙀𝙈𝙋𝙇𝙀🦉| RT ≠ endorsement,"North Philly, USA",,,,0
2749037647,Joseph Cress,josephwcress,Wed Aug 20 13:20:14 +0000 2014,765,644,12985,2005,20,,Iowa City | @presscitizen Visual Journalist | USA Today Network-Iowa | @thedailyiowan alum,"Iowa City, IA",,,,0
115564212,Edward-Isaac Dovere,IsaacDovere,Fri Feb 19 03:10:56 +0000 2010,54650,946,0,42297,1625,,"Staff Writer, The Atlantic - isaac(AT)https://t.co/BNPtcwJm7E",,,,,1
818155,Caroline McCarthy,caro,Wed Mar 07 14:30:11 +0000 2007,42090,2117,2,65260,2385,,"VP @truex | TED Resident | Board @mouse_org | Words @spectatorUSA | Ex-@google @cnet @princeton | @forbes #30under30 | Toxic centrist, black cat enthusiast",NYC,https://t.co/mz7PCTLd4G,,,1
850834421125087232,71 Republic,71RepublicMedia,Sat Apr 08 22:15:08 +0000 2017,3310,718,1255,4146,26,,The Freedom Center of American Media,"Washington, DC, USA",https://t.co/WqXRBlslvh,,,0
16017475,Nate Silver,NateSilver538,Wed Aug 27 20:56:45 +0000 2008,3203301,1179,664,24055,30422,,"Editor-in-Chief, @FiveThirtyEight. Author, The Signal and the Noise (https://t.co/EYTxvN6BLY). Sports/politics/food geek.",New York,http://t.co/wNpFg2xg4f,,,1
17296100,Kmele,kmele,Mon Nov 10 21:51:53 +0000 2008,25257,1236,4500,8937,315,,"Superlative, superlative, superlative, and adjective superlative. #MLIDAIDDS Punching Up @freethinkmedia Punching Down @wethefifth (and I want ALL THE SMOKE)",NYC | DC,,,,1
69351991,Marc Raimondi,marc_raimondi,Thu Aug 27 17:36:48 +0000 2009,43100,3495,24211,68539,791,,"Combat sports reporter, @espn. Former Deputy Managing Editor, @mmafighting. New Yorker in LA. marc.l.raimondi@espn.com","Los Angeles, CA",https://t.co/IDCIfGnjlL,,,1
21426656,The Daily Texan,thedailytexan,Fri Feb 20 19:48:26 +0000 2009,57758,1286,4727,50220,1425,,Daily newspaper serving @UTAustin since 1900. Follow our sections: https://t.co/Nogt4IG4il,"Austin, TX",https://t.co/ly1sJGiai1,,,1
27000730,Tim Pool,Timcast,Fri Mar 27 13:16:56 +0000 2009,342840,754,901,2220,3973,,"Journalist and Technologist Making Documentaries, VR, Drones, and Live Video | Former - VICE, Fusion | Tim@Timcast.com",New York,https://t.co/f6D1VAN5uU,,,1
714513194832637952,Sports Illustrated MMA,SI_MMA,Mon Mar 28 18:03:15 +0000 2016,4931,1204,130,8855,115,,"MMA coverage from Sports Illustrated (@SInow), powered by @FanSidedMMA",,https://t.co/V86D92Qggk,,,1
870471709,Megan Westra,mwestramke,Tue Oct 09 19:28:41 +0000 2012,6251,1739,18588,15790,89,,"The Hermione Granger of theology. On a mission to rid the world of white supremacy, misogyny and cornbread baked in anything other than a cast iron skillet.",Milwaukee,https://t.co/Yv2WD5fH0I,,,0
746991500,GIFShinobi,GIFShinobi,Thu Aug 09 10:34:00 +0000 2012,519,257,3460,4433,6,,Just a wandering Shinobi that makes Gifs. If you have a request feel free to tweet me. #YangGang #HumanityFirst,,,,,0
858510049,Leslie Smith,LeslieSmith_GF,Tue Oct 02 18:31:24 +0000 2012,24400,1030,12857,8557,271,,"MMA Fighter, Project Spearhead",El Niño and Cesar Gracie Academies,,,,1
1924071992,Millennial Politics,MillenPolitics,Tue Oct 01 17:23:02 +0000 2013,113131,98262,14462,10161,686,,"We find and tell the stories of progressive candidates, causes, & organizations. Subscribe to our podcast in iTunes & support our Patreon ⬇️",,https://t.co/vrzwXb81od,,,0
1083766566934798338,Gianna Barnhart,GiannaBarnhart,Fri Jan 11 16:44:19 +0000 2019,90,208,771,367,3,,making Vermont home 🏡🐶♿️,,https://t.co/jO5raJkClx,,,0
5792972,Kim Rahilly,kimra,Sat May 05 17:54:20 +0000 2007,1129,1342,6297,3548,71,,"Principal, KRPR Creative, a social and public relations firm that builds revenues for clients; outside PR agency for Andrew Yang (see photo) #yanggang #Yang2020","Los Angeles, CA",https://t.co/NyfnpIYTSX,,,0
242021791,Scott Siepker,scottsiepker,Sun Jan 23 19:06:05 +0000 2011,16384,116,3783,10939,155,,"Actor, Writer, Producer, Host of the Emmy nominated Iowa Outdoors, best known for playing the Iowa Nice Guy character.","Des Moines, Iowa",https://t.co/0JKm2uCIL6,,,0
5336752,Peter Hamby,PeterHamby,Fri Apr 20 15:53:03 +0000 2007,86950,7687,7295,23010,2601,,Host @Snapchat's Good Luck America. @VanityFair contributor. @CNN vet. Board @ShorensteinCtr. Levon fan. Hoya. My screed on Twitter: https://t.co/LkAAip50Ab,"Los Angeles, CA",,,,1
282783586,Janet Petersen,janet4iowa,Fri Apr 15 22:43:14 +0000 2011,3402,592,875,430,106,,Iowa Senate Democratic Leader and Co-Founder of Healthy Birth Day,Des Moines,https://t.co/YbGfVwvfEv,,,0
16819713,Vanessa Selbst 🏳️‍🌈,VanessaSelbst,Fri Oct 17 03:42:12 +0000 2008,95773,381,2554,9920,1317,,I used to gamble and wake up late; then I gambled and woke up early. Now I just wake up early. fuck the spineless corporatist scumbags in power. Vote them out!,"Brooklyn, NY",,,,1
17827531,Eli Yokley,eyokley,Wed Dec 03 03:29:46 +0000 2008,13187,5602,33614,78785,549,,Political Reporter at @MorningConsult. Formerly @rollcallpols and @politicmo. @Mizzou made. • eyokley@morningconsult.com,"Washington, DC and Joplin, Mo.",https://t.co/fqn9Mp37oY,,,1
33152005,Eric Weinstein,EricRWeinstein,Sun Apr 19 06:50:34 +0000 2009,228295,921,11483,8086,2098,,"Managing director @ Thiel Capital.   Some assembly required. May contain math. Tweets my own.

YT: https://t.co/Qszr1mtwld

IG: @ericrweinstein",Argleton,https://t.co/L5iA7hR0d8,,,1
95221142,𝙀𝙡𝙞 𝙋𝙚𝙧𝙚𝙣𝙘𝙚𝙫𝙞𝙘𝙝 😷,eliowa,Mon Dec 07 15:31:36 +0000 2009,5536,686,26786,12672,238,,Professor @IntMedatIowa | Director @IC_CADRE | Assoc Editor @JAMANetworkOpen #openaccess | #AntibioticResistance | Cleveland baseball | opinions ≠ my employers',Further studies are needed,,,,0
12382582,Mike Pesca,pescami,Fri Jan 18 01:54:35 +0000 2008,33549,2555,2769,30831,870,,"I have a Podcast (the Gist) , a Book(Upon Further Review)  and a Song in my Heart. (Rock Lobster) Retweets are an anagram of wet trees.",nyc,https://t.co/1Dax084sJU,,,1
83566817,Melanie Weisner,melanieweisner,Mon Oct 19 10:07:13 +0000 2009,19519,483,770,5206,433,,Professional poker player. Will work for nigiri. Coaching: weisnercoaching@gmail.com,,https://t.co/4lJX2UXnuU,,,1
38029205,William LeGate,williamlegate,Tue May 05 21:46:23 +0000 2009,141284,3913,419873,72350,1127,,"Self-made American entrepreneur • hacker/tinkerer • ‘13 Thiel Fellow • featured in, WaPo, NYTimes, Fox News, etc • DM for biz/press inquiries • views are my own",Instagram,https://t.co/HvLLgO4PBb,,,1
3249041383,Jake Chapman,runvc,Thu Jun 18 18:31:19 +0000 2015,7258,1084,22127,12694,213,,VC @ https://t.co/0yUD6BuHfa Father to a superhero. Lets live forever and travel the stars. The memory of a goldfish and the confidence of a lion. 🦁,"San Francisco, CA",https://t.co/0yUD6BuHfa,,,1
25227354,Jess Allen,THEJessAllen,Thu Mar 19 03:19:34 +0000 2009,4672,4493,9174,14034,94,,🌱 #Yang2020 #FreedomDividend #UBI #M4A | #Meditation for ALL advocate🧘‍♀️| @SadhguruJV is my guru | #CryptoTrader of coins cited https://t.co/2TczEWUYo4,"Austin, TX",https://t.co/JJgD0uFH6F,,,0
4108453575,Unite Humanity,JobyChrist,Wed Nov 04 01:17:29 +0000 2015,431,38,2095,826,15,,The Medicine of Mercy.,"Lombard, IL",https://t.co/Jrcou3FZPJ,,,0
1102325782532276236,Garrett D Bollig,BolligGarrett,Sun Mar 03 21:52:01 +0000 2019,360,548,10769,3358,6,,30yo Millennial voter. Follower of news and politics. Anime fan. Board game hobbyist. Artist and designer of nothing of value or import. Yang 2020. Sentences.,Albany. NY,,,,0
19048532,Daniela Perdomo,danielaperdomo,Fri Jan 16 01:10:14 +0000 2009,6571,935,17358,8219,225,,"Co-founder & CEO of @goTenna, @goTennaPro, @GlobalMeshLabs. I believe in decentralized systems, from mesh networks to direct actions.",Brooklyn,https://t.co/MbJn1ImoOL,,,0
27980525,Nick Bromberg,NickBromberg,Tue Mar 31 22:27:03 +0000 2009,32269,486,1,60293,300,,"College football (@yahoosportscfb) & NASCAR for Yahoo Sports. CSCS. Fan of nuance and lifting relatively heavy things.   ""Oh man, you're wild"" - Rob Gronkowski",Kansas City. Or somewhere else,https://t.co/81ejAQeEun,,,1
2467791,The Washington Post,washingtonpost,Tue Mar 27 11:19:39 +0000 2007,13820733,1531,4580,320267,90074,,"Breaking news, analysis, and opinion. Founded in 1877. Our staff on Twitter: https://t.co/VV0UBAMHg8","Washington, DC",http://t.co/Hq7hTYkOPg,,,1
995478067597496322,HILLTV,HillTVLive,Sun May 13 01:37:21 +0000 2018,3730,831,370,3238,52,,"📺 Tune into ""Rising"" weekdays, starting at 9 a.m. (ET). 👉 Follow us on Facebook https://t.co/hJRRsyl72b","Washington, DC",https://t.co/AhM6DVRAtj,,,1
158414847,The Daily Show,TheDailyShow,Tue Jun 22 16:41:05 +0000 2010,7951113,531,1274,18985,37019,,Trevor Noah & The World’s Fakest News Team. Weeknights 11/10c @ComedyCentral. Tickets: https://t.co/otjFIiMtNU,,https://t.co/BAakBFaEGx,,,1
55355654,ThinkProgress,thinkprogress,Thu Jul 09 20:42:08 +0000 2009,833418,892,267,149131,14064,,Moving news forward since 2005. general@thinkprogress.org,"Washington, D.C.",https://t.co/zvnMIuvszS,,,1
14173315,NBC News,NBCNews,Tue Mar 18 23:19:17 +0000 2008,6622526,1759,767,212312,41474,,The leading source of global news and info for more than 75 years. https://t.co/Hd7rJQeDzP,"New York, NY",https://t.co/Z73is4fJ3x,,,1
219011705,Allan Smith,akarl_smith,Tue Nov 23 18:05:30 +0000 2010,10347,1546,6244,15613,299,,Political reporter @NBCNews. Ex-@businessinsider. email: Allan.Smith@nbcuni.com smithaka2@protonmail.com,"New York, NY",https://t.co/TouDVeULbs,,,1
252751061,TicToc by Bloomberg,tictoc,Tue Feb 15 20:50:58 +0000 2011,714883,1218,753,139548,5873,,Global news for the world we live in now.,,https://t.co/O0sSpXABY4,,,1
16439471,The Week,TheWeek,Wed Sep 24 19:33:22 +0000 2008,128234,1674,3308,95117,4172,,All you need to know about everything that matters.,"New York, NY",http://t.co/H9GXeIG9A4,,,1
15279429,VANITY FAIR,VanityFair,Mon Jun 30 14:17:35 +0000 2008,4871526,1205,4824,110038,19908,,"In-depth reporting, gripping narratives, and world-class photography, plus heaping doses of Oscar-blogging, royal-watching, and assorted guilty pleasures.","New York, NY",http://t.co/THwtnNR9Wy,,,1
514513113,CNBC Make It,CNBCMakeIt,Sun Mar 04 16:33:38 +0000 2012,38868,256,1172,41687,689,,"Get smarter about how you earn, save and spend your money with the latest from CNBC Make It.",,https://t.co/zLnAmX8485,,,1
14276290,Douglas W. Burns,douglaswburns,Tue Apr 01 17:05:58 +0000 2008,1979,2073,777,5912,101,,4th-generation Iowa journalist. Co-owner/columnist Carroll Times Herald/Herald Publishing. Writes Political Mercury column in Des Moines' Cityview.,"Carroll, Iowa",https://t.co/vSTEZEVcbv,,,0
22642788,Pew Research Center,pewresearch,Tue Mar 03 16:39:39 +0000 2009,396120,91,484,73764,13456,,"Nonpartisan, non-advocacy data and analysis on the issues, attitudes and trends shaping the world. Also follow @FactTank, our data blog.","Washington, DC",http://t.co/NpejxRVoNw,,,1
21862217,Krystal Ball,krystalball,Wed Feb 25 12:58:53 +0000 2009,158294,4280,1596,21709,2194,,"co-host Rising @hilltvlive Reversing the Apocalypse. Ella, Lolo and Ida Rose's mama!","King George, VA",https://t.co/edcDtPRvXH,,,1
1258518566,Nathan Corliss ✌️,oakfive,Mon Mar 11 03:40:15 +0000 2013,544,385,12872,5523,38,,"Humanist, futurist, marketer, and blogger.
I've aspirationally open way too many tabs.","Portland, OR",https://t.co/Wn42Nh78RP,,,0
1000591,Fred Wilson,fredwilson,Mon Mar 12 10:47:57 +0000 2007,654883,1275,38502,17574,13678,,I am a VC,New York City,http://t.co/Ws012GffKI,,,1
35773039,The Atlantic,TheAtlantic,Mon Apr 27 15:41:54 +0000 2009,1791651,1044,454,167426,29740,,"Politics, culture, business, science, technology, health, education, global affairs, more. Tweets by @CaitlinFrazier","Washington, D.C.",http://t.co/pI6FUBgQdl,,,1
294822641,Jason Arneson,ArnesonGuides,Sat May 07 20:57:24 +0000 2011,795,1160,10748,6752,48,,"Guiding those asking ""what's next?"" to their best next step.","Golden, CO",https://t.co/9ha0kgOw5h,,,0
227568049,Anton J Fernando,antonjfernando,Fri Dec 17 05:07:42 +0000 2010,2059,3151,6625,9724,11,,#SocialEngineering Must have the outcome that is #BestforAllLife where #EveryChild born is guaranteed a #LifeOfWorth. #Life is the #OnlyRealValue  #YangGang,Canada,https://t.co/UjkWtS72Aw,,,0
13524182,Dave Weigel,daveweigel,Fri Feb 15 17:58:23 +0000 2008,468662,11207,15421,195963,11383,,"Covering politics for @washingtonpost. daveweigel@gmail.com, 202-334-7387. @CWAUnion member. Buy my book: https://t.co/qbUTkz3CBR (Avatar by @damnyouregis)","Washington, D.C.",https://t.co/fH66dGGX87,,,1
13657922,Des Moines Register,DMRegister,Tue Feb 19 04:56:13 +0000 2008,153770,5017,1051,99406,2332,,The news Iowans have depended upon since 1849. Winner of 17 Pulitzer Prizes. Support local journalism by subscribing at https://t.co/M3wA9tGwwF.,"Des Moines, Iowa, USA",https://t.co/l1zKlTUG8R,,,1
16830572,Chicago magazine,ChicagoMag,Fri Oct 17 20:24:52 +0000 2008,266132,353,7323,42885,3213,,We are Chicago.,"Chicago, IL",http://t.co/pjMc1tVshE,,,1
167058645,Jake Meth,jakemeth,Thu Jul 15 17:11:49 +0000 2010,750,776,48,1635,22,,Associate Editor for Commentary @FortuneMagazine,"New York, NY",https://t.co/GYVWY0Mi1O,,,0
4052840597,Tyrene Pamstein,TyrenePamstein,Tue Oct 27 10:52:30 +0000 2015,648,172,4205,1940,5,,Here to hang out with my Yang out. 😉 Major in #Yangonomics. Home of #LittleYang and @MiniYang2050. 🙂,"California, USA",,,,0
17004618,Nicholas Kristof,NickKristof,Mon Oct 27 19:14:53 +0000 2008,2042976,2009,47,39707,23559,,"Oregon farmboy turned NY Times columnist, author with my wife, @WuDunn, of Half the Sky
https://t.co/bcxQaJ7Po4         https://t.co/Bw42D7ya1b",Everywhere,https://t.co/CO7uxBqpWU,,,1
1344951,WIRED,WIRED,Sat Mar 17 09:57:25 +0000 2007,10365628,361,2316,104926,91527,,WIRED is where tomorrow is realized.,San Francisco/New York,,,,1
208731915,Paul Whitlatch,p_whitlatch,Wed Oct 27 20:57:17 +0000 2010,712,590,1801,1841,22,,"executive editor for @HachetteBooks, bad at Twitter and feel fine about it.",NYC,,,,0
42389136,Reverend Al Sharpton,TheRevAl,Mon May 25 11:20:04 +0000 2009,569518,239,1099,27206,5435,,"Baptist Minister & Political, Civil Rights, and Social Justice Activist","New York, NY",https://t.co/oygOdFS074,,,1
726233970426273792,Topher Brennan,TopherTBrennan,Sat Apr 30 02:17:26 +0000 2016,6882,3528,29485,26319,75,,"Husband of @ozybrennan. Father. Software engineer.  Tweets about sex work, basic income, housing, and foreign policy (among other things).","Berkeley, CA",https://t.co/LOJJm2fXDV,,,0
16378486,Ali Velshi,AliVelshi,Sat Sep 20 15:17:00 +0000 2008,395446,7527,265,32378,4121,,"Co-host ""Velshi & Ruhle"" M-F 1pET & host ""MSNBC Live"" M-F 3p. I actually AM a Kenyan-born Muslim",New York/Philly/The World,https://t.co/zAR26gyxqO,,,1
1286312880,All In w/Chris Hayes,allinwithchris,Thu Mar 21 15:59:46 +0000 2013,294085,521,713,16871,2339,,@chrislhayes hosts the Emmy Award-winning 'All In' weeknights at 8pm on @msnbc. Follow the conversation along with other #inners.  https://t.co/s1OQXsgvxV,,http://t.co/W3e1qP8zTC,,,1
49698134,Joy Reid,JoyAnnReid,Mon Jun 22 17:29:54 +0000 2009,1410667,5679,22073,147516,10890,,"“Ignorance, allied with power, is the most ferocious enemy justice can have.” - James Baldwin #AMJoy #reiders",NYC,https://t.co/Q92ZKnWsGE,,,1
731132367058968576,AM Joy w/Joy Reid,amjoyshow,Fri May 13 14:41:54 +0000 2016,431076,2031,1004,19514,2202,,"@JoyAnnReid hosts 'AM JOY' every Saturday and Sunday, 10 am-12 pm ET on @MSNBC. Follow the stimulating conversation on #AMJoy. Find Joy on Snapchat: joyannreid","New York, NY",,,,1
450941680,This Week,ThisWeekABC,Fri Dec 30 21:09:43 +0000 2011,168891,1146,81,78521,2191,,"The official Twitter account of @ABC News' This Week, hosted by @GStephanopoulos.",,http://t.co/ArwX6L8uo4,,,1
17074440,GeorgeStephanopoulos,GStephanopoulos,Thu Oct 30 21:00:45 +0000 2008,2454212,772,56,7359,18009,,"@GMA Anchor, @ThisWeekABC Anchor and Chief Anchor of @ABC","New York, NY",http://t.co/ERcbULt4GC,,,1
3346522936,Kate Harris,drkateharris,Fri Jun 26 12:15:59 +0000 2015,71,158,157,148,3,,"Sailor, mother, Psychologist and advocate for bipartisan, collaborative leadership.","New Hampshire, USA",https://t.co/UXr7ZHOSxL,,,0
324537422,Jessica Wales 🦅💰,GirlofBirkenau,Sun Jun 26 20:07:02 +0000 2011,479,533,17444,3684,18,,"Give me Star Trek, or give me Death. In either order really. 
❤️🖖💙 #llap
🖤💀🖤#deathpositive
#Yang2020",NOVA ,,,,0
14602259,Boston.com,BostonDotCom,Wed Apr 30 16:28:20 +0000 2008,461061,2506,372,209061,5534,,What Boston really cares about right now.,"Boston, MA",https://t.co/RPe2oVfaYR,,,1
242374336,Politics Insider,Politicsinsider,Mon Jan 24 16:51:34 +0000 2011,38116,41,9,92246,997,,The latest political news and analysis from @thisisinsider.,New York,http://t.co/c2gHTGonuM,,,1
13687102,Maegan Carberry,maegancarberry,Tue Feb 19 19:56:54 +0000 2008,4349,712,3133,11423,266,,concerned citizen #Yang2020 #YangGang,CA gurl,https://t.co/r2jHbQU9YV,,,0
1113537112345907201,Stonefree,Stonefr01116474,Wed Apr 03 20:21:50 +0000 2019,33,0,0,132,0,,Be like water,,,,,0
16331010,TMZ,TMZ,Wed Sep 17 15:50:22 +0000 2008,4988001,906,1168,258775,21832,,TMZ has consistently been credited for breaking the biggest stories dominating the entertainment news landscape and changing the way the public gets their news.,"Los Angeles, CA",https://t.co/WFmNNP7hvg,,,1
395005543,Ethan Sternberg,esternberg24,Thu Oct 20 23:58:53 +0000 2011,365,426,3803,4208,1,,Just tryna make the world a better place.,"Chicago, IL",,,,0
1103861343017406464,Massachusetts for Yang 2020,Yang2020Mass,Fri Mar 08 03:33:47 +0000 2019,513,83,2094,1562,8,,Representing #Yang2020 supporters in #Massachusetts | Read more on @AndrewYang at https://t.co/gl76Fj3ANU | Click our link below to volunteer or for updates!,"Boston, MA",https://t.co/QfrWGggPW9,,,0
71361799,Daily Collegian,MDCollegian,Thu Sep 03 21:18:11 +0000 2009,4818,261,548,12335,208,,The independent student newspaper at @UMassAmherst since 1890. Got news? Tweet us or email editor@dailycollegian.com. #WriteDaily,"Amherst, MA",https://t.co/uQpbX8x61H,,,1
3192600414,Inverse,inversedotcom,Tue May 12 01:02:44 +0000 2015,16723,1243,2555,25303,502,,Inverse sparks curiosity about the future.,"New York, NY",https://t.co/qfTL8SW2tp,,,1
17041374,WGBH News,wgbhnews,Wed Oct 29 13:40:30 +0000 2008,28618,3046,2067,71595,909,,"Local reporting, analysis, and context for Massachusetts and beyond. Story ideas? Tweet us or email us at wgbhnews@wgbh.org","Boston, Mass.",http://t.co/v0eP4PJHh4,,,1
92896595,Trae Crowder,traecrowder,Fri Nov 27 03:49:35 +0000 2009,96067,1592,14627,9489,691,,"Standup comedian, baby-maker/owner, white, etc. The Liberal Redneck","Rocky Top, TN",https://t.co/S3z0NjvxFP,,,1
14677919,The New Yorker,NewYorker,Tue May 06 19:36:33 +0000 2008,8660683,423,1970,95787,64140,,"Unparalleled reporting and commentary on politics and culture, plus humor and cartoons, fiction and poetry, reviews, and criticism.","New York, NY",https://t.co/RLTwD4X3RQ,,,1
1917731,The Hill,thehill,Thu Mar 22 18:15:18 +0000 2007,3297362,252,25,587034,26069,,"The Hill is the premier source for policy and political news. Follow for tweets on what's happening in Washington, breaking news and retweets of our reporters.","Washington, DC",http://t.co/t414UtTRv4,,,1
468900131,Chef Zoot,chefzoot,Fri Jan 20 01:18:51 +0000 2012,841,628,1202,464,6,,Yang 2020 Anthem: https://t.co/t1XizBRTqg https://t.co/pvPcduNPT6 #YangGang,"Durham, NC",https://t.co/U0iWd6L3Zp,,,0
251128422,Johnny Greavu,johnnygreavu,Sat Feb 12 14:05:49 +0000 2011,910,3672,19637,11304,14,,theoretical physicist in training @UCDavis,,https://t.co/JojdNAw8O8,,,0
3273547124,joel,joelstenseth,Fri Jul 10 00:24:16 +0000 2015,233,143,2993,2299,2,,"ISU student, Spanish/physics/philosophy. Volunteer organizer for the Ames Yang Gang. Runner. Reader. Podcast Listener. Meditator.",ames/DSM,,,,0
2532427122,Hexel Colorado,HexelC,Thu May 29 11:12:26 +0000 2014,38,23,111,43,1,,,"Dallas, TX",,,,0
746234113716195328,Darren Jer,darrenjer,Fri Jun 24 06:50:52 +0000 2016,96,41,16,10,1,,Co-Founder @MarketFactory,"New York, NY",https://t.co/GlKo5tgVKN,,,0
764987564621238273,2016 Wefest Champs,Lwr_Ur_Trajctry,Mon Aug 15 00:50:22 +0000 2016,8,28,55,26,0,,,"Shoreview, MN",,,,0
1082656972959293454,Emily Benson,bensonel,Tue Jan 08 15:15:11 +0000 2019,176,419,1061,282,4,,"News junkie, globalist, and fan of the Oxford Comma. Midwestern 🇺🇸 by way of 🇨🇭. Transatlantic legislative relations at @BertelsmannFdn 🇪🇺🇩🇪. Views my own.","Washington, DC",,,,0
1106933909357555712,Atlanta Yang Gang,AtlantaYang,Sat Mar 16 15:03:04 +0000 2019,608,73,1079,845,9,,"Twitter of the Atlanta Yang Gang #Yang2020 #HumanityFirst
Find us on https://t.co/lJ23QtfYls or the meetup app for upcoming events.",,,,,0
14437914,PBS NewsHour,NewsHour,Fri Apr 18 21:57:17 +0000 2008,1010151,125057,14476,153606,14355,,PBS NewsHour is one of the most trusted news programs on TV and online.,"Arlington, VA | New York, NY",https://t.co/MUiamBtq28,,,1
58951867,Banjo Obayomi,banjtheman,Tue Jul 21 22:57:19 +0000 2009,67,175,148,209,4,,The end of learning is the beginning of death,"Washington, DC",,,,0
715363428555051008,Leah Coffman,LeahCoffman,Thu Mar 31 02:21:46 +0000 2016,178,191,392,457,7,,I am a STEM teacher in the Turner 202 school district.,"Kansas City, KS",,,,0
18519661,Tom Green,tomgreenlive,Thu Jan 01 00:06:57 +0000 2009,315287,528,19995,42030,3102,,Comedy tour dates posted on https://t.co/nv4dvLXFDf,"Los Angeles, CA",https://t.co/4Ou2OZaMo9,,,1
4269652162,SweetHelen’sConfectionaries #AndrewYang2020,mamahellfire31,Wed Nov 25 01:56:30 +0000 2015,498,912,7263,2259,5,,#yang2020  #UBIforall #sweet #medicareforall,"Kentucky, USA",,,,0
14293310,TIME,TIME,Thu Apr 03 13:54:30 +0000 2008,16085498,423,516,321411,102349,,Breaking news and current events from around the globe. Hosted by TIME staff.,,http://t.co/4aYbUuAeSh,,,1
275686563,The Verge,verge,Fri Apr 01 19:54:22 +0000 2011,2541735,160,1480,158217,36456,,https://t.co/W2SFxIXkC4 covers life in the future.,New York,http://t.co/W2SFxIXkC4,,,1
372284062,Phil Klay,PhilKlay,Mon Sep 12 13:57:46 +0000 2011,14590,796,3815,6551,279,,"Author of Redeployment. 
Co-host of Manifesto! A Podcast. https://t.co/lJFze2zGe2",,https://t.co/vmB6ZW96Ge,,,1
362028861,Zach Graumann,Zach_Graumann,Thu Aug 25 18:45:36 +0000 2011,6766,430,1154,856,63,,Campaign Manager for @AndrewYang. Founder of @SuitUpNYC. #YangGang #BillsMafia,New York City,https://t.co/phur3ya6AG,,,1
986476630267736065,AnApeInKhakis,AnApeInKhakis,Wed Apr 18 05:28:51 +0000 2018,821,847,9719,3725,10,,Modern ape living in an absurd concrete jungle. #YangGang (this ape/that ape),"Los Angeles, CA",,,,0
3389674132,Basic Income Canada,basicincomecdn,Thu Jul 23 17:53:20 +0000 2015,3830,1505,1705,2159,108,,The official Twitter site of Basic Income Canada Network (BICN).,"Toronto, Ontario",https://t.co/E9slY3FGGM,,,0
710175446864949249,"TK-Squared, LLC",TKSquaredLLC,Wed Mar 16 18:46:35 +0000 2016,1151,2971,4734,1378,14,,"TK-Squared is making app & games to celebrate all the awesome you put into the world. Check us out!
Also: tkRounded on Etsy: https://t.co/tggiBB3BkO","Atlanta, GA",https://t.co/HiZAlYOxyb,,,0
44555050,tyler—Google “Andrew Yang” 🏁,justdaze,Thu Jun 04 05:38:15 +0000 2009,2542,2185,13772,65209,55,,Stay hungry. Stay foolish.,/// looked.traps.respects,,,,0
16467567,reason,reason,Fri Sep 26 13:31:17 +0000 2008,234414,334,83,69255,6783,,Reason is the monthly magazine and website of “free minds and free markets.” Visit https://t.co/W2vfk6ejO6,"Washington, DC and Los Angeles",http://t.co/TIdk8MSiMX,,,1
18950712,Nick Gillespie,nickgillespie,Tue Jan 13 19:59:16 +0000 2009,85911,3164,25747,62108,2419,,"Read/Write/Record/Repeat. Editor at Large @reason. Instagram: gillespienick. Named to Roger Stone's 2014 Annual Best-Dressed List. ""Mostly True""-Politifact","New York, NY",https://t.co/4sbxGZKliW,,,1
829754846941167617,Billy Binion,billybinion,Thu Feb 09 18:12:26 +0000 2017,293,154,92,129,7,,"Assistant editor @reason. Bylines include @huffpost, @dcexaminer, @satevepost, etc. Ranch dressing connoisseur.","Washington, DC",,,,0
1108561048506777600,Phil Tin 田,Tin_Philip,Thu Mar 21 02:48:44 +0000 2019,139,277,753,287,1,,Can't cancel the already-very-cancelled. 💅 PhD student. Psycholinguistics. Hate it. ENG/普/粵 Give us Daddy Yang. 🙏#Yang2020 #YangGang,🇦🇺🇭🇰🇺🇸🏳️‍🌈,,,,0
171953871,Josh Glancy,joshglancy,Wed Jul 28 15:31:18 +0000 2010,5762,1486,8299,6213,63,,"Washington Bureau Chief, The Sunday Times. Columnist @TheSTMagazine. Everything is copy and copy is everything.","Washington, DC",,,,1
24889586,Anand Giridharadas,AnandWrites,Tue Mar 17 14:33:12 +0000 2009,498835,6495,12489,5613,2537,,"@TIME editor at large. Author of @WinnersTakeAll, THE TRUE AMERICAN, & INDIA CALLING. MSNBC political analyst. @PriyaParker's man. Father. Rhymes with ""almond.""","Brooklyn, New York",https://t.co/pra2IyI6A9,,,1
1112170096900792320,Southern California Yang Gang,SoCalYangGang,Sun Mar 31 01:49:48 +0000 2019,650,420,980,798,9,,"Volunteer organizing & outreach for @AndrewYang, uniting the #YangGang in Southern California. Join our FB group or DM us to help #Yang2020 locally!","California, USA",https://t.co/SY82Vjrf6o,,,0
227682918,Bloomberg Opinion,bopinion,Fri Dec 17 14:20:58 +0000 2010,178532,431,8009,139357,3951,,"Opinions on business, economics and much more from the editors and columnists at Bloomberg Opinion.",Worldwide,https://t.co/eY4AY2rZeQ,,,1
8192222,Jezebel,Jezebel,Tue Aug 14 22:57:34 +0000 2007,320093,14,111,97557,6713,,"Gender, culture, and politics. With teeth.",,https://t.co/srsMvdaAy4,,,1
1118983858605584384,Yang Train,YangTrainCo,Thu Apr 18 21:05:16 +0000 2019,273,33,2634,345,4,,Yang 2020 Merch from the official creator of Mini-Yang,,https://t.co/36MMgYhi7f,,,0
957719171780849664,Evie Brown,Aquatic_Mafia,Sun Jan 28 20:56:58 +0000 2018,156,22,1937,468,1,,Aspire ✨✨                                          Just a model or some shit 🤷🏻‍♀️,"Surprise, AZ",,,,0
77530645,Josh Wood,JWoodJourno,Sat Sep 26 17:46:53 +0000 2009,5418,2225,349,11194,451,,"Journalist. Ex @TheNationalUAE Middle East correspondent, former @AP reporter in North Dakota's oil patch. Old Beirut hand recently returned to America.","Boston, the state of Massachusetts",https://t.co/4LWUpeQn5o,,,0
19417492,National Review,NRO,Fri Jan 23 22:20:49 +0000 2009,325643,1463,696,95055,6295,,"Standing athwart history, yelling Stop. A magazine founded by the late William F. Buckley Jr. Snapchat & Instagram: NationalReview",New York,https://t.co/s00ora6By7,,,1
15865878,Nieman Lab,NiemanLab,Fri Aug 15 18:26:30 +0000 2008,292105,826,2321,47787,13733,,"We are the Nieman Journalism Lab, part of @niemanfdn at Harvard. We're trying to figure out the future of news.","Cambridge, Mass.",https://t.co/ZPOlrd9QDq,,,1
36218435,Los Angeles Magazine,LAmag,Tue Apr 28 23:54:31 +0000 2009,486148,961,5993,44889,2787,,"The definitive resource and indispensable guide to Los Angeles, since 1961.",Los Angeles,https://t.co/QL52pWSIJ6,,,1
770579832,Brian Smith,briansmithbeta,Tue Aug 21 01:30:10 +0000 2012,161,116,2685,2566,17,,"Worried nerd. Science, tech, systemic problems, sometimes politics, sometimes anything. I try to make my views match the best evidence available. Opinions mine.","Fort Wayne, Indiana",,,,0
413642677,Gareth,GarethUBI,Wed Nov 16 03:17:40 +0000 2011,284,329,1201,1097,4,,NYC Yang Gang Canvassing Manager. Citizen. Not affiliated w/ the official Yang campaign. https://t.co/LOVXNrlmBd https://t.co/M13Q3qQ2jj https://t.co/npQYLL0fjG,,,,,0
2940964728,Iowa Starting Line,IAStartingLine,Tue Dec 23 16:50:35 +0000 2014,19776,1991,5254,34273,504,,Your home for Iowa Caucus and Iowa politics news and analysis. Founded in 2015 by former IA Dem staffer @patrynard.,,https://t.co/DpEAYnDMWv,,,0
73305308,Paige Godden,PaigeGodden,Fri Sep 11 04:04:49 +0000 2009,930,2116,548,938,56,,"Business Manager/Editor/Covering Labor Issues at https://t.co/ybmHDmiHRV 

Assistant Editor of the Indianola Independent Advocate
https://t.co/rHaeUcS4Ra","Panora, IA",,,,0
897941482266476544,Tyler Burrell,EZSlapdown,Wed Aug 16 22:01:47 +0000 2017,228,266,420,377,2,,WWE enthusiast. Lifelong Iowa State fan. TYBG #YangGang #Yang2020,"Des Moines, IA",,,,0
26512972,Steve Marchand,marchandsteve,Wed Mar 25 14:55:13 +0000 2009,3532,817,2403,274,70,,"NH born & bred; @andrewyang Sr. Advisor;Love my wife, daughters, & corgis; if it's about sports,@SyracuseU,or #nhpolitics, count me in. Insta: stevemarchandnh","Portsmouth, New Hampshire",https://t.co/46kLMPkoLI,,,1
3963028205,Joseph Patrick 🦅🦅🐐🗽💰🌎🌱,JoeyGDNBoss,Thu Oct 15 07:06:31 +0000 2015,730,302,5327,9744,8,,"Generally economic, mostly technology, sometimes political, but always profound.  I'm for #UBI #PostScarcity #Blockchain #OpenSource #CrowdSource #AI #Yang2020",Earth,,,,0
497064546,Josh T. Peter,joshtpeter,Sun Feb 19 15:42:21 +0000 2012,201,873,2605,2552,1,,Iowa State University ‘21 | School of Education | “I’m a fun guy.”,"Dedham, Iowa",https://t.co/WZSzOH4q1o,,,0
394308851,Brittany Duong,BritDuong,Wed Oct 19 21:48:21 +0000 2011,387,622,2182,3159,14,,"A super nerd, who somehow went from engineering to Internal Med intern. I flirt with pulm/cc, but I really want to be a space explorer.","Houston, TX",,,,0
1108706320155320320,nycyanggang,nycyanggang,Thu Mar 21 12:26:00 +0000 2019,690,457,6845,485,8,,Organizing account for 2020 Presidential Candidate Andrew Yang. Across the NY-NJ Metro Area. Not officially endorsed or sponsored by Andrew Yang.,"New York, NY",https://t.co/IptaDKNGqs,,,0
312800783,America's Newsroom,AmericaNewsroom,Tue Jun 07 17:52:42 +0000 2011,79728,337,1172,32743,754,,Live on the FOX News Channel Every Weekday From 9-NOON EST! #AmericasNewsroom,"New York, NY",http://t.co/TiDPxgo9pq,,,1
20562637,Business Insider,businessinsider,Wed Feb 11 01:18:18 +0000 2009,2632345,257,554,573646,31413,,"What you need to know. Follow us on Facebook, Instagram, and YouTube. Visit our home page for the top stories of the day.","New York, NY",https://t.co/RMkf7jACew,,,1
589331752,Justin Gmoser,JustinGmoser,Thu May 24 18:35:49 +0000 2012,1950,1310,941,3632,37,,"Senior Video Producer, INSIDER",NYC,https://t.co/09o8yRO5GV,,,1
1528056187,Tacia Dunham,13_tacia,Tue Jun 18 15:15:42 +0000 2013,120,320,782,115,2,,,,,,,0
12952842,MLive,MLive,Fri Feb 01 18:06:53 +0000 2008,288360,8750,311,127797,2254,,Bringing you the best in local and statewide news across Michigan.,Michigan,https://t.co/fzHi7kYoaz,,,1
7744592,TODAY,TODAYshow,Thu Jul 26 19:56:22 +0000 2007,4277694,8081,10084,141040,19613,,America's favorite morning show | Snapchat: todayshow,Studio 1A,https://t.co/F4QAq97Dvo,,,1
16185430,💾Charlie🏞️🏕️,Pulaski_Fizz,Mon Sep 08 15:01:03 +0000 2008,228,211,1782,482,4,,"Father, Geek, Gamer, Hiker, Submarine Veteran, #Transhumanist #Yang2020",Greater Seattle Area,,,,0
1018929681461104640,Matías García,MatiasXGarcia,Mon Jul 16 18:45:41 +0000 2018,639,802,7093,3238,5,,Primarily a supporter account for @AndrewYang #Yang2020 #YangGang #HumanityFirst #FreedomDividend #BasicIncome,"Texas, USA",,,,0
16669896,Jimbo Ellars,Ellars,Thu Oct 09 17:47:46 +0000 2008,7866,2116,1683,7859,25,,Time Traveler,Earth,,,,0
1431616572,Fred Rocket,Fred_Rocket,Wed May 15 22:29:39 +0000 2013,307,368,6923,1151,3,,"Musician, DJ, Actor, Dad #YangGang, U.B.I. #crypto, Chiefs fan. Lover of humanity, advocating for more oxytocin and less cortisol.",,,,,0
48142004,"Michael Muyot, Economist",CRDAnalytics,Wed Jun 17 22:25:59 +0000 2009,1385,1716,56599,2344,61,,"21st Century Economist, meta-analyst, dad, community QB, the human for 2 fuzzy peaches (both rescues). #YangGang #greentech #humanityfirst","New York, NY",https://t.co/iJyR4UD9dz,,,0
18646108,Bret Baier,BretBaier,Mon Jan 05 21:05:43 +0000 2009,1305941,7537,6903,72208,8675,,Bret Baier:Chief Political Anchor @FoxNews. Anchor & Executive Editor of @SpecialReport. NYT bestselling author. @3DaysinMoscow book available now.,"Washington, DC",https://t.co/H5iDsdxzst,,,1
43581352,Holly Bailey,hollybdc,Sat May 30 19:45:49 +0000 2009,16119,1520,3531,31846,772,,"National Political Reporter @WashingtonPost; Alum @YahooNews @Newsweek; author of The Mercy of the Sky, published by Viking",America,https://t.co/nmbiugCZtg,,,1
1722834998,Ross,RossVarner,Mon Sep 02 16:33:53 +0000 2013,168,38,7354,2778,5,,,,,,,0
319323976,Matt Stevens,ByMattStevens,Fri Jun 17 22:54:59 +0000 2011,5815,2870,3480,6781,246,,"Politics reporter @nytimes. Proud @latimes alum, @UCLA grad, @AAJA member, San Diego native. Former Homecoming King.","New York, USA",https://t.co/bLsjYYLr9l,,,1
325068531,Humanity First Dave,david_sendtweet,Mon Jun 27 17:50:19 +0000 2011,608,1458,34560,8192,5,,"Lebron stan, Process Truster, Kanye apologist. UBI advocate. Myles Jack wasn’t down. #Jaguars #YangGang","  Manhattan, by way of DUVAL",,,,0
470792609,Lissandra Villa,LissandraVilla,Sun Jan 22 04:51:37 +0000 2012,11382,4695,9507,16889,402,,Politics @TIME. @IowaStateU alumna. My Patronus is a lion. Tweets mostly pups and politicians. Lissandra.Villa@time.com,"Washington, DC",https://t.co/QW52nICuXO,,,1
24190981,Teen Vogue,TeenVogue,Fri Mar 13 15:38:45 +0000 2009,3346984,2536,14517,112460,11701,,The young person's guide to conquering (and saving) the world ✨👊🏾,,https://t.co/JlGpMlgJcC,,,1
80069355,Techonomy,techonomy,Mon Oct 05 16:52:10 +0000 2009,10693,2526,2619,8397,649,,We believe technology is indispensable for business and social progress. We host conferences and create content to explain the impact. #Techonomy19,"New York, NY",http://t.co/jhQLOZgBkw,,,0
34686363,Nate Burbeck,nburbeck,Thu Apr 23 18:24:13 +0000 2009,290,905,175,1587,29,,artist/decent painter ✨🎨✨ trying to capture the everyday and the uncanny. inquires nburbeck@gmail.com,"Brooklyn, NY",https://t.co/HYia3UNxPe,,,0
897884027658452992,Madeline Kiss,KissMadeline,Wed Aug 16 18:13:28 +0000 2017,83,401,14875,1005,1,,Political animal. Coffee addict. New Yorker. Tell the post-twitter humans I said something witty.,United States,https://t.co/EIuhLHu9c0,,,0
1514359592,Conrad Shaw,OneConradShaw,Thu Jun 13 20:15:09 +0000 2013,593,918,1837,1396,21,,"Writer, Actor, Filmmaker, Athlete, Basic Income Advocate. Also, pretty good at puzzles.",NYC,https://t.co/CIRhCCyxNX,,,0
45418948,Bill Hotter,BillHotter,Sun Jun 07 20:41:25 +0000 2009,290,220,1689,595,4,,Award winning educator-Jiu Jitsu World Champion-Cesar Gracie black belt-Andrew Yang 2020,,,,,0
1084908649187815424,Cyclones For Humanity,yang2020ISU,Mon Jan 14 20:22:33 +0000 2019,209,12,89,205,5,,Organizing account for 2020 Presidential Candidate Andrew Yang. Iowa State University community fighting for the Freedom Dividend and putting #humanityfirst,"Ames, IA",https://t.co/h1ASJhcePz,,,0
1119429660956184576,1K Slap,1kSlap,Sat Apr 20 02:36:43 +0000 2019,709,8,303,121,6,,"@AndrewYang wants to give every American $1,000 a month. We ask people how they'd spend it, then hit ‘em with cash! (all slaps consensual and also hilarious)",,https://t.co/hLfjWrOLgD,,,0
14857525,The Christian Science Monitor,csmonitor,Wed May 21 15:10:08 +0000 2008,73903,2127,12733,304617,4488,,A news organization focusing on the ideas and values behind global headlines. Get our journalism: https://t.co/hmU0Ma5Xmr,"Boston, MA",,,,1
765290266601324544,Seema Jayachandran,seema_econ,Mon Aug 15 20:53:12 +0000 2016,13728,879,2643,1330,240,,Development economist. Tweets mostly about economics + other social science research that catches my fancy.,"Chicago, IL",,,,0
119905812,Shay Spence,chezspence,Thu Mar 04 22:34:05 +0000 2010,2525,912,8908,3292,24,,food editor @people | theme park & cruise ship aficionado | I’m better at instagram,"New York, NY",https://t.co/sx8lt2FNx1,,,1
23318036,Christopher J. Hale,chrisjollyhale,Sun Mar 08 15:29:41 +0000 2009,12395,7828,3502,21830,149,,Tennessee politico. TIME contributor & Fox News Democratic contributor. Former Congressional candidate & nonprofit executive. Obama White House & campaign alum.,"Tennessee & Washington, DC",https://t.co/bcSGJa3sgh,,,1
18847857,jason_wilson,jason_wilson,Sat Jan 10 21:55:11 +0000 2009,4380,1466,27136,84171,205,,"Managing Editor for GamesBeat. Ex-group ME, GamePro. Ex-copy chief, Ziff Davis Media Game Group. Former sports copy editor & writer. Journalist. D&D, 49ers, A's","Bay Area, Calif.",http://t.co/2GO7dTzI3P,,,1
60642052,VentureBeat,VentureBeat,Mon Jul 27 16:34:47 +0000 2009,711331,1564,1218,138665,19642,,Tech news that matters.,San Francisco + NYC,http://t.co/vNmL0zJnXy,,,1
473179284,David Juurlink,DavidJuurlink,Tue Jan 24 18:26:52 +0000 2012,43969,805,11621,19474,624,,Internal medicine and clin pharm/tox @UofTmedicine. Drug safety researcher @ICESOntario. Inexplicably fortunate husband.,Toronto,https://t.co/BnEBN7KHCQ,,,1
16334857,Real Time Economics,WSJecon,Wed Sep 17 19:15:14 +0000 2008,780337,97,29,66039,12918,,Economic insight from The Wall Street Journal. Want more? Sign up for our daily Real Time Economics newsletter: https://t.co/HX7UM0pmuK,"Washington, D.C.",http://t.co/YsVFhu9IQ6,,,1
3108351,The Wall Street Journal,WSJ,Sun Apr 01 06:22:13 +0000 2007,16692972,1130,1235,280011,112487,,Breaking news and features from the WSJ.,"New York, NY",https://t.co/GhhR6PLfem,,,1
14957147,The Young Turks,TheYoungTurks,Fri May 30 19:07:59 +0000 2008,367791,10611,11378,84755,6031,,Hosted by @CenkUygur & @AnaKasparian. Watch #TYTLive weeknights at 6pm eastern  https://t.co/IiyyhHmpyp,"Los Angeles, CA",https://t.co/2udwUBlnLX,,,1
46709686,Emil Protalinski,EPro,Fri Jun 12 18:08:21 +0000 2009,9748,150,527,8842,718,,News Editor @VentureBeat Formerly @TheNextWeb @ZDNet @CNET @TechSpot @ArsTechnica,,https://t.co/PXd4ee2JqF,,,1
1103936608674361344,Dillon Siu,wikibishop,Fri Mar 08 08:32:52 +0000 2019,174,191,4851,1362,5,,#yanggang #yang2020,,,,,0
4607,Nancy Scola,nancyscola,Tue Aug 22 21:19:43 +0000 2006,11017,1676,1726,18202,800,,Writer and journalist. Senior tech reporter at @Politico. nscola@politico.com. I like telling stories.,"Washington, DC",https://t.co/n0or4T5UvF,,,1
2561716338,Carey A Grady,CareyAGrady,Wed Jun 11 17:10:19 +0000 2014,435,937,3025,4102,12,,Living on Purpose. Evolving and Engaging Life.  https://t.co/ogsembOmSV,"Columbia, South Carolina",https://t.co/mOh9MZArAJ,,,0
1605,Sam Altman,sama,Sun Jul 16 22:01:55 +0000 2006,698232,398,724,4557,4984,,ready player sama,SF,https://t.co/pfxBFQYy58,,,1
1076186233683001344,Al Womble,al_womble,Fri Dec 21 18:42:47 +0000 2018,428,104,248,197,5,,,,,,,0
20575752,Marcellus Wiley,marcelluswiley,Wed Feb 11 06:52:54 +0000 2009,281213,6630,17403,36823,3018,,"Compton, Ivy-League HOF, NFL All-Pro, Host @SFY @FS1 Podcast 👉🏿 https://t.co/CDq3lKwmnO (IG:@marcelluswiley) Buy #NeverShutUp 👉🏿 https://t.co/vxiOyaPG5k",Los Angeles,https://t.co/TGzxaIXNzt,,,1
37281592,Annie Lowrey,AnnieLowrey,Sat May 02 21:00:07 +0000 2009,77407,65,4347,46,2740,,"Staff writer for @TheAtlantic, author of ""Give People Money,"" new Californian. Say hi on annie@theatlantic.com.","San Francisco, CA",,,,1
573918122,Quartz,qz,Mon May 07 19:53:20 +0000 2012,372742,203,1586,162272,10286,,Quartz is a new kind of global business news outlet. Sign up for Quartz membership to support our future https://t.co/kmtuQuoXyb,The World,,,,1
230542564,Michael J. Coren,MJ_Coren,Sat Dec 25 22:43:06 +0000 2010,3967,1174,2853,6042,249,,"Strong views, loosely held. Reporter @QZ. Tips: mcoren@michaeljcoren.com. DM for Signal.","San Francisco, CA",https://t.co/oMH7h15wLy,,,0
761167885720956929,Common Defense,commondefense,Thu Aug 04 11:52:20 +0000 2016,68948,2024,9001,9407,491,,A national grassroots movement of diverse veterans & military families mobilizing against Trump and his dangerous agenda #VetsVsHate #VetsAgainstTrump,,https://t.co/AJbBcaVJxo,,,1
546135718,Ross Douthat,DouthatNYT,Thu Apr 05 17:17:32 +0000 2012,155329,290,49,29906,4052,,"New York Times columnist, The Argument co-host, National Review film critic, author of To Change the Church: Pope Francis and the Future of Catholicism.","New Haven, CT",https://t.co/W63RRbk3zh,,,1
17014729,John 🍍,DivineIrony,Tue Oct 28 03:42:10 +0000 2008,285,209,1475,12918,10,,"I cut hair and I try to be less confused. Question your own beliefs first. | “E pluribus unum” not “In God we trust”. | Early Adopter, OG #YangGang.","Orange County, CA",,,,0
1117164741351419904,Austin Yang Gang,AustinYangGang,Sat Apr 13 20:36:45 +0000 2019,199,60,76,64,5,,"The official twitter for the Yang Gang in Austin, Texas. @AndrewYang | https://t.co/TLcOiHDrTR | https://t.co/tGFlKQZK1M","Austin, TX",https://t.co/phur3ya6AG,,,0
307982591,Jackie Alemany,JaxAlemany,Mon May 30 16:43:13 +0000 2011,36997,3264,6065,5313,934,,@washingtonpost Power Up author. @CBSNews alum. @IWMF fellow. Washed up @HarvardWBB. jacqueline.alemany@washpost.com | DM for signal | subscribe 👇🏽⚡️,"Washington, DC",https://t.co/bp4VGEZgjX,,,1
1630896181,VICE News,vicenews,Mon Jul 29 17:40:09 +0000 2013,943475,783,3497,103372,11395,,#VICENewsTonight airs Tuesday-Friday at 7:30 PM on @HBO / Call us: 1.888.317.8423 / Sign up now for the VICE News Daily Brief https://t.co/4GC2cAfPjY,Worldwide,,,,1
834081571493785600,Preet Bharara,PreetBharara,Tue Feb 21 16:45:17 +0000 2017,1071693,1307,5920,5415,5941,,"Patriotic American & proud immigrant. @Springsteen fan. Banned by Putin, fired by Trump. Former US Attorney, SDNY. Host of ""Stay Tuned"" https://t.co/jtj1L5lfFp","New York, NY",https://t.co/S3633DZQJN,,,1
3121646186,Angela,83flow,Tue Mar 31 21:02:09 +0000 2015,298,284,6431,1331,7,,80% sweetheart 💜 20% spark plug ⚡️🔌      Supporter of @andrewyang for President 2020,,https://t.co/LOVXNr3LcD,,,0
134271207,Riel Manriquez,rielman,Sat Apr 17 23:37:40 +0000 2010,108,123,147,345,3,,"I craft harmonious, self-organizing purposeful organizations that people like to work in. 

I'm ready to do what it takes to slow climate change. #yanggang","Portland, OR",https://t.co/Udm2UEYRjr,,,0
46487370,Russell Jory,russelljory,Thu Jun 11 20:50:02 +0000 2009,240,249,276,536,3,,#YangGang #Yang2020 Raleigh/Durham Gang Once a self described conservative radical. now mostly the Venn diagram where liberal and libertarian intersect. Atheist,"Cary, NC",,,,0
1132984876385394688,daryl cook,darylco75018217,Mon May 27 12:20:19 +0000 2019,205,384,569,45,2,,Trump 2016; Yang 2020. #YangGang,,,,,0
130496027,Jon Favreau,jonfavs,Wed Apr 07 13:10:43 +0000 2010,1170802,1428,13752,29822,10086,,I used to write speeches now I host pods.,"Los Angeles, CA",https://t.co/sE1eVDOig4,,,1
115461843,Kate Gaudioso,ydidkate,Thu Feb 18 18:44:34 +0000 2010,40,154,465,148,0,,,"Rochester, NY",,,,0
35002876,Bloomberg TV,BloombergTV,Fri Apr 24 18:45:34 +0000 2009,515061,481,266,119550,8303,,"Breaking news. Exclusive interviews. Market-moving scoops. Watch Bloomberg #Daybreak LIVE on @Twitter, every weekday from 7:00 - 9:00 AM ET.",New York,https://t.co/FBbC5zBFcN,,,1
16896485,Inc.,Inc,Tue Oct 21 23:47:30 +0000 2008,2727298,1692,1303,263662,32629,,Everything you need to know to start and grow your business now.,New York City,http://t.co/YslvkphWzr,,,1
897565399771992064,AM2DM by BuzzFeed News,AM2DM,Tue Aug 15 21:07:22 +0000 2017,26419,1889,2355,19483,348,,"A live morning show from @BuzzFeedNews, weekdays at 10 AM ET on Twitter ⏰",,https://t.co/VYe5WowGEE,,,1
1111500956754235392,Murray Rothbard,MurrayRothbar11,Fri Mar 29 05:30:53 +0000 2019,549,652,5168,1833,5,,Economist and Yang Gang member,,,,,0
584234331,Morgan Forde,morgan_forde_,Fri May 18 20:58:38 +0000 2012,243,900,29341,6044,16,,"Journalist, wonk, and espresso enthusiast. Hoya. Associate Editor @SupplyChainDive. Deputy Managing Editor @themantle. Covering tech @mic.",Washington DC,https://t.co/Jv1CfeGrL8,,,0
1110956283736272896,Annie Beyer-Chafets,anybuyershaveit,Wed Mar 27 17:26:33 +0000 2019,208,130,289,91,5,,"Spot me wearing a yellow hat, drinking diet coke, and watching videos of baby otters at your local hangout. Digital staff at #Yang2020","New York, NY",,,,0
14412533,Chris Cillizza,CillizzaCNN,Wed Apr 16 20:34:24 +0000 2008,664883,3426,207,131982,9935,,"""One of the dumber and least respected of the political pundits."" -- Donald Trump; ""A f*!-ing mouth breather."" -- Roseanne Barr","Washington, D.C.",https://t.co/VM2JQsQH6X,,,1
18379614,Dave Rubin,RubinReport,Thu Dec 25 21:38:44 +0000 2008,591616,704,21891,76482,3558,,Twitter is not real life.,Dagobah System,https://t.co/HbQdysteQS,,,1
280664117,Patrick Svitek,PatrickSvitek,Mon Apr 11 20:01:40 +0000 2011,31322,8492,9543,65272,997,,"Reporter, @TexasTribune. Email: psvitek@texastribune.org. I write The Blast: https://t.co/SVdPvs2qUq. Previously @HoustonChron.",Austin/I-10/I-35,,,,1
455288410,Real Time,RealTimers,Wed Jan 04 23:19:08 +0000 2012,161249,991,7169,10766,1569,,"America, We Have to Talk. #RealTime with @BillMaher is LIVE Fridays at 10pm on @HBO. The contents of this account don't reflect the opinions of HBO.","Los Angeles, CA",https://t.co/wVXfPGk8wO,,,1
25465356,Sebastian Roché,sebroche,Fri Mar 20 05:16:42 +0000 2009,451399,1226,10569,20869,3921,,"Husband, actor, rock climber, Scottish-French... #HavenAboveSky #TheManInTheHighCastle #GeniusPicasso #TheYoungPope #TheOriginals #TheVampireDiaries #SPN ...","Los Angeles, CA,",https://t.co/iTTVJEJ1Zc,,,1
200846651,Tiffany Cross,TiffanyDCross,Sun Oct 10 12:41:54 +0000 2010,47864,1953,21092,18053,319,,"Co-Founder & Managing Editor of @TheBeatDC -- the ONLY platform highlighting the intersection of politics, policy, & people of color. For booking visit my site.","Washington, DC",https://t.co/rLNhDAwyvx,,,1
15939889,Barbara Boxer,BarbaraBoxer,Fri Aug 22 01:39:19 +0000 2008,120912,583,23,3736,3447,,Former Democratic U.S. Senator from California. Ads by PFAC.,"California & Washington, DC",https://t.co/JjmOUV4w0x,,,1
35975064,hb.,hannahbrencher,Tue Apr 28 03:30:56 +0000 2009,14382,599,6793,24352,265,,TED speaker // Author with @zondervan // books : If You Find This Letter + Come Matter Here (May 2018) // creator of @moreloveletters,ATL,https://t.co/FrEkY07Tr4,,,1
24383455,Erica,AmericaLee,Sat Mar 14 15:35:01 +0000 2009,2735,2542,9398,10077,15,,🇺🇸#Congress 🔍EEO Investigator🔬#Cancer 📚#Author 🗝Folsom Prison 🎪#CirqueduSoleil 💀Death Care 📼 #GenX 🚨 get ur #colonoscopy 🦅#YangGang,"Seattle, WA",,,,0
15099295,Erick Sanchez,erickmsanchez,Thu Jun 12 18:15:00 +0000 2008,4035,4142,4960,14804,61,,Public Relationist. Terrible dancer and worse singer. D.C. native turnt New Orleanian. Internet famous for roughly an hour.,"New Orleans, LA",https://t.co/rGY02XN2NS,,,1
84957890,Nick Hanauer,NickHanauer,Sat Oct 24 22:58:34 +0000 2009,43286,302,956,17633,1119,,"Entrepreneur, venture capitalist, civic activist, philanthropist, author. Host of Pitchfork Economics. NOT a billionaire.  https://t.co/YDLOR7PQjO",Seattle,https://t.co/RYqhoo1nmW,,,1
22110336,Maureen O'Connor,maureenoco,Fri Feb 27 05:10:07 +0000 2009,20181,1944,3892,226,490,,journalist https://t.co/Oi9if5esAu,NYC,,,,1
182107650,Page Six,PageSix,Mon Aug 23 21:13:38 +0000 2010,236977,5610,1407,107036,2537,,"If you don't want it on Page Six, don't do it.","New York, New York",https://t.co/jc6xOkyZUE,,,1
3075046050,NidE D,quiet_chica,Thu Mar 12 11:47:16 +0000 2015,49,94,570,111,1,,"🎶🎺 Musician 🎹🥁/ 🇺🇸 Army Vet 👩‍🍳

                🇵🇷💖💜💙♀️",United States,,,,0
1104149668982857730,FreedomDivYang2020,DivFreedom,Fri Mar 08 22:39:29 +0000 2019,538,1447,2033,377,7,,FOLLOW @DSMYangGang instead of me! #YangGang #Yang2020,,,,,0
27649623,Marc J. Spears,MarcJSpearsESPN,Mon Mar 30 14:48:43 +0000 2009,491621,967,16596,27238,10078,,Sr. NBA writer ESPN’s The Undefeated. Ex-Chair NABJ Sports Task Force. Co-producer of Katrina Cop In The Superdome. LSU Masters. SJSU BA. Foothill College AA.,"Oakland, California",https://t.co/KlYLYSkQJF,,,1
47149309,Quan Phung,quanphung,Sun Jun 14 18:56:42 +0000 2009,446,385,1059,988,11,,TV executive and producer.,"Los Angeles, CA",,,,0
1108699987079254016,YANG GANG 2020🇺🇸,YANGGANG20202,Thu Mar 21 12:00:50 +0000 2019,760,657,1428,1166,7,,Card carrying #YangGang member. #SecureTheBagAlert,"New York, USA",https://t.co/h1ASJhcePz,,,0
14962779,Howard Fineman,howardfineman,Sat May 31 12:51:06 +0000 2008,235428,1658,151,11784,3641,,"NBC/@MSNBC News Analyst|Author, The Thirteen American Arguments|Prof. @Penn|Consultant, @PresidentShow|email:howard@finemanmedia.com","Washington, DC",https://t.co/I0bzQ6sDTZ,,,1
755773710456487936,Caroline Kelly,caroline_mkelly,Wed Jul 20 14:37:48 +0000 2016,2705,2184,8255,3380,59,,"Breaking news reporter @CNNPolitics. Formerly @dallasnews DC, @WBUR, @POLITICOPro, @thehill. RTs = 🤔 caroline.kelly@cnn.com","Washington, DC",,,,1
13850422,CNN Politics,CNNPolitics,Sat Feb 23 03:12:49 +0000 2008,2831244,342,9,152117,15890,,"Political news, campaign stories and Washington coverage from CNN's political team.","Washington, D.C.",https://t.co/KWFMkrEjdY,,,1
20772763,Charles M. Blow,CharlesMBlow,Fri Feb 13 14:17:54 +0000 2009,507889,1586,247,60641,7350,,NYT columnist. Author of #FireShutUpInMyBones Bookings: https://t.co/7prbQRbKXK Instagram https://t.co/XwfDsyO22y,Brooklyn,https://t.co/kfVA6DNese,,,1
429227921,Cenk Uygur,cenkuygur,Mon Dec 05 18:27:28 +0000 2011,383517,987,3306,22891,4790,,Host of @TheYoungTurks the largest online news show in the world. Founder & CEO of @TYT,Los Angeles,https://t.co/Gm9qQzoCUk,,,1
14377605,The Democrats,TheDemocrats,Sun Apr 13 20:23:13 +0000 2008,1605978,1433,126,27413,10681,,"The official Twitter account of the Democratic National Committee, led by Chair @TomPerez. Join our team to get the latest info on Democratic news and issues.","Washington, D.C.",https://t.co/CpNJYb5UrL,,,1
1876175636,Adam Sexton,AdamSextonWMUR,Tue Sep 17 16:55:36 +0000 2013,6178,1595,4499,7357,159,,"@WMUR9 Political Director. Host, CloseUp NH. Proud Husband of @603Amanda, Dada to Ham & Sock. @49ers & @Mariners fan. The North Remembers.",New Hampshire,https://t.co/Mc5FvmTr3o,,,1
816869611480186880,Pod Save America,PodSaveAmerica,Thu Jan 05 04:51:06 +0000 2017,428853,1,198,3292,2832,,A no-bullshit conversation about politics with hosts @jonfavs @danpfeiffer @tvietor08 & @jonlovett.,,https://t.co/dZmbRJwARU,,,1
840650831850536960,Michael Paola,Pao2k17,Sat Mar 11 19:49:11 +0000 2017,41,46,122,114,1,,,,,,,0
1121862235821887493,🏳️‍🌈 Sam Hayden 🌱,samhayden_,Fri Apr 26 19:42:54 +0000 2019,366,44,351,27,4,,@AndrewYang 🇱🇷 Not Left. Not Right. Forward. 🇱🇷,"New Hampshire, USA",https://t.co/dlZLX6IorB,,,0
1100941223962034176,Metro Detroit Yang Gang,DetroitYang,Thu Feb 28 02:10:17 +0000 2019,194,83,605,512,5,,We're Metro Detroiters supporting @AndrewYang's journey to the white house! Join us today: https://t.co/hxjdSC63ed,"Detroit, MI",https://t.co/eHHwHH5YtX,,,0
48038965,Pat DeCola,Pat_DeCola,Wed Jun 17 17:27:26 +0000 2009,2318,771,11739,15747,86,,"Manager, Digital Editorial @NASCAR.com // Bird shirts, etc. // Just that you do the right thing. The rest doesn't matter.",Live Free or Die,https://t.co/PMjthyPD1f,,,1
1105621009795670016,PDX Yang Gang,PDXYangGang,Wed Mar 13 00:06:04 +0000 2019,429,406,1185,303,6,,"Grassroots organizing for 2020 Democratic Presidential Candidate Andrew Yang. Representing the Portland, OR metro area. Not affiliated with the campaign.","Portland, OR",https://t.co/bexycKrRhN,,,0
14515799,Brian Stelter,brianstelter,Thu Apr 24 18:41:42 +0000 2008,649502,6446,245248,181228,13942,,"Anchor of @ReliableSources and @CNN's chief media correspondent. Formerly @nytimes, @tvnewser and Top of the Morning. Email: bstelter@gmail.com",New York City,https://t.co/oAdPr7RfVz,,,1
713465013781049346,Keiko Sono,keiko_sono,Fri Mar 25 20:38:09 +0000 2016,850,1995,51884,8293,14,,I move slowly and fix things. #BasicIncome advocate. Current project https://t.co/AWw1gblO2f  #yang2020,"Catskills, NY",https://t.co/QqkqxA0iuy,,,0
1134206591249649681,Hailey Kelly,nounnumber,Thu May 30 21:14:58 +0000 2019,215,100,1072,397,3,,"Rural artist, educator, reader, thinker, writer. Alternative education advocate. #basicincome #ruralresitence","Guadalupita, NM",https://t.co/PdY8KyXdbp,,,0
11856892,Meet the Press,MeetThePress,Fri Jan 04 22:28:20 +0000 2008,589938,404,1494,61239,7009,,"Meet the Press is the longest-running television show in history. If it's Sunday, it's Meet the Press with @ChuckTodd. #MTP #IfItsSunday #MTPDaily","Washington, D.C.",https://t.co/uqtRXPrjFZ,,,1
1097584358158782464,phyllis coletta,ColettaPhyllis,Mon Feb 18 19:51:17 +0000 2019,94,55,276,187,2,,"Original Yangster Boomer trying to repent for f-ing up the world. #AndrewYang2020 #HumanityFirst 
 Recovering lawyer; writer, agitator,  Italian from Philly,","Seattle, WA",https://t.co/RMOv7oPHlX,,,0
1418600322,AshMRichter,AshMRichter,Fri May 10 17:12:26 +0000 2013,3688,4882,17449,9289,251,,"A Q @ InQtel (Op. own). Former Archaeo/Anthropologist. Why multimodal mixed reality data integration? Because: smartcities, space exploration, data economy+ etc","Washington, DC",https://t.co/u4VdU3DNzO,,,0
15837659,Jennifer Bendery,jbendery,Wed Aug 13 15:05:39 +0000 2008,67738,345,17304,85535,2179,,Senior politics reporter for HuffPost. Veep of Washington Press Club Foundation. 🏳️‍🌈 Tips: jen.bendery@huffpost.com,"Washington, DC",https://t.co/13UoiCscOi,,,1
719367006361812992,Eddie Briseño🦅💰,Chupwn,Mon Apr 11 03:30:34 +0000 2016,458,392,17847,3878,5,,🎓Undergrad Marketing student focusing on Data-Driven Innovation @SFSU | Digital Marketer @homeshare_ | Currently passionate #YangGang member | 🍵Tea Lover,"Columbus, OH",https://t.co/JD4rLlme4d,,,0
1106801731147628544,Washington D.C. Yang,DCYangGang,Sat Mar 16 06:17:50 +0000 2019,313,0,0,2496,4,,"[IG: DCYangGang] The friendly neighborhood DC Chapter #YangGang for @AndrewYang, here to remind you #HumanityFirst. https://t.co/gl76Fj3ANU","Washington, DC",https://t.co/FRYhH1pL52,,,0
36990312,Dan Braunstein,dbraunstein,Fri May 01 17:13:27 +0000 2009,153,349,1241,2464,7,,Fumbling towards ecstasy. I am a one-man Peanut Gallery. Starving artist. Don't mind me. #resist  #impeach #impeachtrump #yang2020 #securethebag #YangGang,"San Francisco, CA, USA",,,,0
106135104,Russell Berman,russellberman,Mon Jan 18 16:18:32 +0000 2010,9087,1514,275,6330,475,,"Staff writer at The Atlantic, covering all things politics. 
Send tips/spin/spam to rberman@theatlantic.com. Emeritus of @thehill, @aolnews, @nysun","Brooklyn, NY",https://t.co/BNPtcwJm7E,,,1
2835886194,The Late Show,colbertlateshow,Tue Sep 30 17:13:22 +0000 2014,722510,1232,10531,22695,3428,,Official feed of The Late Show with @StephenAtHome on @CBS #LSSC,Weeknights | 11:35/10:35c,https://t.co/YTzFH21e5t,,,1
211620426,The Daily Dot,dailydot,Wed Nov 03 19:41:32 +0000 2010,173728,17680,19213,250679,3599,,Bringing you the best and worst of the internet since 2011. Tweets by @dailydot staff. Send us tips: tips@dailydot.com,Online/IRL,http://t.co/7sRrlbhNPT,,,1
2347049341,Vox,voxdotcom,Sun Feb 16 15:46:00 +0000 2014,841972,272,2377,107689,15768,,Understand the news. Sign up for our daily Vox Sentences newsletter: https://t.co/nusCRGhckq,,http://t.co/RnqX4a68G1,,,1
624413,MarketWatch,MarketWatch,Thu Jan 11 05:15:48 +0000 2007,3636348,188,2641,272906,24381,,"News, personal finance & commentary from MarketWatch.",,http://t.co/0HcV671qZB,,,1
2836421,MSNBC,MSNBC,Thu Mar 29 13:15:41 +0000 2007,2505546,636,672,169503,22550,,"The place for in-depth analysis, political commentary and informed perspectives.",,https://t.co/5TAF6ijWwt,,,1
26642006,Alyssa Milano,Alyssa_Milano,Thu Mar 26 00:34:20 +0000 2009,3590610,4143,22639,57735,37487,,🇺🇸 Check out @sorrynotsorry @PatNotPart and @NoRA4USA Please follow my other accounts for career updates @AlyssaDotCom @TouchByAM #NoRA,Los Angeles,https://t.co/DOhhBYiEHZ,,,1
1141403676357136385,Yang Gang Miami,yanggangmiami,Wed Jun 19 17:53:37 +0000 2019,122,361,236,115,2,,"Yang Gang located in Miami, FL! Follow us on IG, @yanggangmiami #yanggang #yang2020 #yanggangmiami","Miami, FL",,,,0
2680350607,Tiffany Hayden,haydentiff,Fri Jul 25 19:40:07 +0000 2014,76043,8876,116746,105184,1830,,Recovering Bitcoin addict. @XRPTrump’s #1 fan! LOVE #XRP | #Coil | #Interledger | #Ripple DITCHED #XLM / #Stellar. Inflation is not a business model.  #YangGang,Detroit,https://t.co/HuDAzMIQrD,,,1
