User Id,Name,Screen Name,Created At,Followers,Following,Favorites,Tweets,Lists,Language,Bio,Location,URL,Timezone,UTC Offset,Verified
426028646,John Delaney,JohnDelaney,Thu Dec 01 19:06:13 +0000 2011,25435,2558,1396,8019,1291,,Blessed w/ 4 great girls & to be married to April. Blue collar kid/successful entrepreneur/CEO/Congressman. 2020 campaign on jobs/solutions/ideas/unity/decency,"Washington, DC",https://t.co/adwduLgncX,,,1
1442844120,Emma Tyler,emmalynchtyler,Mon May 20 04:45:30 +0000 2013,2206,1603,11398,12250,63,,"nh deputy state director @corybooker, in a past life @nhdems / @mitchlandrieu / @hillaryclinton / @wustl, new orleans forever","New Hampshire, USA",https://t.co/4F50lUTrMs,,,0
82643763,Paul Steinhauser,steinhauserNH1,Thu Oct 15 15:37:13 +0000 2009,15355,1821,216,14454,706,,"#nhpolitics most versatile reporter: @foxnewspolitics 
@ConMonitorNews @seacoastonline @JackHeathRadio @wkxlnh; Former @CNN Political Editor & NH1News Pol. Dir.","Concord, NH",https://t.co/f0SzYmSPZS,,,1
2348685806,Bill Bolton,BillBoltonNH,Mon Feb 17 15:55:56 +0000 2014,750,1689,1353,562,4,,"Father, husband, Plymouth Selectman, Former @SEA/SEIU Chapter President and Candidate for Senate in District 2.","Plymouth, NH",https://t.co/xqRVBgzuWS,,,0
16288136,Melissa Chan,melissakchan,Sun Sep 14 22:25:38 +0000 2008,54459,1831,4,25972,1790,,"Journalist. Global Reporting Centre | @dwnews | latest in Atlantic, NYT, Guardian. Bosch Fellow ‘18. Knight Fellow ‘13. Tweeting: China/Asia | Germany/EU | USA.","Berlin, Germany",,,,1
327005263,Margot Durkin,mrsdurkinmuses,Thu Jun 30 21:00:43 +0000 2011,1731,2559,31934,33923,56,,"Retired independent school head, beach enthusiast, historian, cook of Italian and French dishes, Bridge player, schnauzer parent. Feminist. Royal watcher.","Alexandria, VA, Bethany Beach",,,,0
3775550189,Mamatha03,mamatha03,Fri Sep 25 22:33:55 +0000 2015,321,547,23690,4837,1,,"Agrawal, MD - Still with her. Twitter- Because we aren't supposed to argue religion and politics with our real friends and neighbors.",Raleigh,,,,0
860491285152616449,Andy House,aphouseDC,Fri May 05 13:48:04 +0000 2017,199,1891,545,427,1,,"DC hometown team and Deadhead 🌹- plus I don’t like work more concerned about L-I-V-I-N. Also, you could call me more of a “Macro-brew kinda guy”","Potomac, MD",https://t.co/dKVQqwztTq,,,0
22869693,Rob Schmitt,SchmittNYC,Thu Mar 05 02:57:17 +0000 2009,14656,188,2056,6818,149,,Fox News 5am Anchor 🇺🇸,NEW YORK CITY,,,,1
16085140,Tim McDonald,trmcdonald,Mon Sep 01 17:22:19 +0000 2008,548,854,1744,1209,9,,Because techno-economic paradigm shifts don’t happen every day. Views are my own. https://t.co/l5xdv3Jt0b,"New Jersey, USA",https://t.co/bRflKW1AFz,,,0
4386251493,Will Anderson,Will_L_Anderson,Sat Dec 05 19:53:00 +0000 2015,390,482,9366,3281,2,,"W&M 22 | COB | Prequel Fan | ""I like the flu.""--Jisoo",,,,,0
4851790919,David Trone,davidjtrone,Wed Jan 27 01:12:55 +0000 2016,8367,619,461,1369,114,,"Owner @TotalWine, Progressive Democrat, Husband, Father, Congressman for Maryland's 6th District. E-mail: david at https://t.co/JWJn4cWCsV","Potomac, MD",https://t.co/JWJn4cWCsV,,,1
972244481897529349,Phillip Schnapp,phillip_schnapp,Fri Mar 09 22:55:22 +0000 2018,32,103,2440,522,0,,"Human, Liberal Moderate, Elon Musk Fan ...That's my series arc Morty.","Earth, Sol System, Milky Way Galaxy",,,,0
969332901480296448,DickinsonDemsIA,DickinsonDemsIA,Thu Mar 01 22:05:47 +0000 2018,96,183,32,68,0,,The @IowaDemocrats of Dickinson County. #RuralDemocrats #BlueWave #2018Midterms,"Dickinson County, Iowa",https://t.co/plbkP1BlX2,,,0
46176168,Major Garrett,MajorCBS,Wed Jun 10 17:50:33 +0000 2009,189713,3163,3028,27991,5884,,"Chief WH Correspondent CBS News host @TakeoutPodcast author ""Mr. Trump’s Wild Ride” Available NOW. San Diego native @Mizzou grad @Padres @MUTigers","Washington, DC",,,,1
2359557667,Caroline Cummings,CaroRCummings,Mon Feb 24 14:04:06 +0000 2014,2000,1368,3581,6392,76,,"Covering Iowa politics and #ialegis for @cbs2iowa, @SiouxlandNews, @KHQA, @KTVOTV @fox42kptm. D.C. native. Proud @merrillcollege Terp. Breakfast food fanatic.","Des Moines, IA",https://t.co/k80l7aBzEg,,,1
2827540963,Shery Ahn,SheryAhnNews,Tue Sep 23 05:56:14 +0000 2014,26084,3013,2329,4208,220,,"Bloomberg Anchor 1:30-2pm, 6-9pm ET. Bolivian Korean. In NY via HK, Tokyo,Seoul & Santa Cruz. Views my own. Tuiteo en español, English, 한국어 日本語 too @bloombergtv","New York, USA",https://t.co/kdKtE7nFmn,,,1
2940964728,Iowa Starting Line,IAStartingLine,Tue Dec 23 16:50:35 +0000 2014,19776,1991,5254,34273,504,,Your home for Iowa Caucus and Iowa politics news and analysis. Founded in 2015 by former IA Dem staffer @patrynard.,,https://t.co/DpEAYnDMWv,,,0
950515317909934080,Gannon for Agriculture,GannonforIowa,Mon Jan 08 23:51:26 +0000 2018,1206,786,678,454,17,,5th generation Iowa farmer. 2018 Secretary of Agriculture candidate. Believer in small towns and BLT’s. Committed to growing Iowa's future.,Iowa,https://t.co/1Qh6qdkXh8,,,0
23348842,Brianne Pfannenstiel,brianneDMR,Sun Mar 08 20:17:46 +0000 2009,8189,1881,3474,10370,362,,Chief Politics Reporter for @DMRegister covering the Iowa caucuses in 2020. bpfann@dmreg.com.,Des Moines,https://t.co/vk27Vd8Qlx,,,1
15434978,Michael Libbie,MichaelLibbie,Tue Jul 15 01:29:25 +0000 2008,3928,2998,182,45480,191,,"It is possible to be a journalist and to question everything. ""What you don't know, you...don't know.""  #Politics #Business #Iowa #Media","Des Moines, Iowa",http://t.co/us3cWKIZXF,,,0
17710597,Jon Neiderbach,jonneiderbach,Fri Nov 28 15:32:11 +0000 2008,504,585,195,6824,14,,"Passionate Democrat in Des Moines, Iowa. Also lawyer, geek, Jew. Passions are people, politics, tech, travel.","Des Moines, IA",http://t.co/Zdg7WaouMC,,,0
19785310,Bleeding Heartland,LauraRBelin,Fri Jan 30 20:06:08 +0000 2009,11176,1467,83408,85965,518,,"Reporter, commentator covering Iowa politics for the progressive website Bleeding Heartland. Was called ornery by one state lawmaker and a traitor by another.","Windsor Heights, Iowa",http://t.co/vkjjXRRVhN,,,0
195988950,Erin Murphy,ErinDMurphy,Tue Sep 28 01:47:06 +0000 2010,2931,1322,4411,17064,163,,Proud husband and father. Des Moines Bureau Chief for Lee Enterprises. Wisconsin sports fan. @StarWars geek. Tweeting about work and home. erin.murphy@lee.net,"Ankeny/Des Moines, IA",https://t.co/7dIhqjuqS4,,,1
116529568,Aspen Ideas Festival,aspenideas,Mon Feb 22 20:01:15 +0000 2010,35449,1919,3341,8254,692,,The Aspen Ideas Festival is a conversation-packed exploration of some of the most important ideas and pressing issues we face. #AspenIdeas #AspenIdeasHealth,"Aspen, CO",http://t.co/H5IujFS33v,,,1
16172991,Steve Clemons,SCClemons,Sun Sep 07 19:56:17 +0000 2008,38698,3156,23068,22472,1484,,"Political and Foreign Policy Commentator ~ Editor at Large, The Hill","Washington, DC",https://t.co/yS5qn1BzTa,,,1
2424440299,Rob Hogg,SenatorRobHogg,Wed Apr 02 22:45:58 +0000 2014,4842,2721,9602,6120,131,,"Iowa state senator, author, and climate action advocate",Cedar Rapids,https://t.co/O7Jga9H73b,,,0
1066546788,Dr. Andy McGuire,DrAndyMcGuire,Sun Jan 06 19:55:38 +0000 2013,2386,579,718,2362,81,,"Waterloo native, Doctor, Business Executive. Proud Mom of 7!",,,,,0
342768115,Polk Co. Democrats,polkdems,Tue Jul 26 15:10:34 +0000 2011,2442,1673,1912,2213,51,,"Working to elect Democrats and to sustain & advance principles of social justice, democracy, civil rights, liberties, & constitutional gov't.","Des Moines, IA",https://t.co/d1xZXsItf3,,,0
31524154,James Lynch,jamesqlynch,Wed Apr 15 21:20:20 +0000 2009,5014,543,38,4830,298,,"Covering politics and government in Eastern Iowa, and the Iowa Legislature in season",,http://t.co/ZoSvdSua9D,,,0
340144317,Liz Mathis,LizMathis1,Fri Jul 22 06:19:06 +0000 2011,4200,915,6156,3954,114,,"Mom•Child Advocate•State Senator•Hey, weren't you the news lady?","Cedar Rapids, Iowa",,,,0
255640273,Nashua Democrats,NashuaDemocrats,Mon Feb 21 19:37:59 +0000 2011,939,408,199,2597,19,,Official Twitter feed for the Nashua Democratic City Committee (NDCC) #nhpolitics,"Nashua, New Hampshire",https://t.co/V5IJ2hv1b9,,,0
563278347,Rep. Cole Riel,RealColeRiel,Wed Apr 25 21:11:21 +0000 2012,1658,699,38843,4192,54,,Team @PeteButtigieg. VC of Goffstown BudCom. State Rep. UNH Graduate. Elected inquiries- Cole.riel@leg.state.nh.us Pete- cole@peteforamerica.com #nhpolitics,"Goffstown, NH",,,,0
908356986621779970,JoePaceforNH,JoePaceforNH,Thu Sep 14 15:49:16 +0000 2017,609,792,660,1088,7,,"NH native. Kensington selectman. Husband, father, writer. Advocate for education, health care, jobs, and opportunity. Boston sports fan.","New Hampshire, USA",https://t.co/uM5lunLhyK,,,0
823552974253342721,Anthony G. Brown,RepAnthonyBrown,Mon Jan 23 15:28:24 +0000 2017,15091,1088,1366,2941,276,,"Congressman proudly representing MD-04. Vice Chair of @HASCDemocrats. Member of @TransportDems, @NRDems. Father, husband & retired @USArmyReserve Colonel","Washington, DC",https://t.co/2u5X332ICM,,,1
24532904,Brad Ashford,BradAshford18,Sun Mar 15 14:54:46 +0000 2009,6953,3865,5979,9582,185,,"Dad, husband @Ann_Ashford, 5th generation Nebraskan, lawyer, former Congressman, State Senator and small business owner. #GBR","Omaha, Nebraska",,,,1
423943347,Saint Anselm Democrats,SaintAnselmDems,Tue Nov 29 03:51:31 +0000 2011,409,262,255,1040,2,,Official Saint Anselm Democrats Club Twitter page. https://t.co/uHobCP7pWm Democrats@Anselm.Edu,"Manchester, NH",https://t.co/truGsk3e3T,,,0
44431715,NH Young Democrats,NHYoungDems,Wed Jun 03 19:17:39 +0000 2009,5551,2524,4807,12638,151,,"Our mission is to recruit, train, & elect the next generation of progressive leaders in NH. @YoungDems #youthvote #nhpolitics https://t.co/h0WTZZYFTJ",New Hampshire,https://t.co/XZCmgbPYCU,,,0
19025261,Debra Altschiller,DebrasATeam,Thu Jan 15 15:27:57 +0000 2009,3189,2384,18526,6397,33,,"@NHHouseofReps for #Stratham, Community Liaison @HAVEN_NH, Member @GFWCNH, fan of @HowardSMG, Proud Mom, #VictimsRights #NoMore #Resistance #GVP #NHpolitics","Stratham, NH",https://t.co/2ERg0pclAg,,,0
296546679,Andy Flick,andyflick,Tue May 10 23:53:52 +0000 2011,820,1545,3401,4698,21,,"@DavidJTrone's COS. @WUSTL and @BadinHS alum. Formerly w/ @IkeSkelton, @RepJimCosta, @sethmoulton. Lover of all things Ohio. Tweets are my own.","Washington, DC",,,,0
732192327440064512,JOELLE Martin,JOELLE4milford,Mon May 16 12:53:49 +0000 2016,569,1285,4201,2732,21,,"NH State Representative, Hillsborough District 23, Milford. A voice for you … a vote for Milford.","Milford, NH",https://t.co/wWkGTM3jZe,,,0
1365108834,Paula Garvey,pgarvey10,Fri Apr 19 18:44:22 +0000 2013,121,460,11556,2216,8,,,,,,,0
248884036,Ronald Klain,RonaldKlain,Mon Feb 07 22:45:03 +0000 2011,103700,2059,83835,39638,1217,,"Gen Counsel, Revolution.  
Biden 2020!  Ex-Ebola Czar, Obama/Biden + Clinton/Gore WH.
Married to @monicamedinadc; Dad of 3 adults. Tweets are my personal views.","Washington, DC",http://t.co/WomGvixefs,,,1
73206956,José Andrés,chefjoseandres,Thu Sep 10 20:06:04 +0000 2009,744755,1068,12035,40971,5205,,"We all are Citizens of the World. What's good for you, must be good for all. If you are lost, share a plate of food with a stranger...you will find who you are.","Washington, DC and the world",https://t.co/1mtxAmj3Wy,,,1
44660449,POTUS Press Pool,POTUSPressPool,Thu Jun 04 16:56:21 +0000 2009,29423,1524,3697,27246,591,,"SiriusXM 124 brings you the Press Pool 3-6pm ET, Mon-Fri. Hear Julie Mason w/ reporters on the day's top news and more!","Washington, DC",http://t.co/KS9b339445,,,0
214320152,Eric Ratinoff,eric_ratinoff,Thu Nov 11 03:23:51 +0000 2010,291,663,3618,2274,25,,"Story First. @Mouse_Elephant. @tedxamoskeag. @SeatAt_TheTable. Executive Editor, Ferguson Commission Report.

Just getting warmed up.","Manchester, NH",,,,0
2730222072,The Hill Events,TheHillEvents,Wed Aug 13 20:25:34 +0000 2014,3133,2031,710,7528,91,,"Live journalism. @TheHill’s events are timely, exciting live experiences that tackle big-picture, of-the-moment issues with authority: https://t.co/Xky2wkogkw","Washington, DC",https://t.co/Xky2wkogkw,,,1
3074907787,Gregory T. Christensen,ReadyforGregory,Thu Mar 12 08:45:05 +0000 2015,5702,1818,2209,7207,17,,"Writer, Politico, Democrat, Foreign Affairs Guru, Working on a National Campaign in IA, formerly @HillaryClinton/@HFA/JAM. Tweets by Gregory signed -G",Des Moines | Boston | Portland,https://t.co/EJj6LF33IE,,,0
322143316,O. Kay Henderson,okayhenderson,Wed Jun 22 18:08:45 +0000 2011,8547,323,550,9600,410,,"News Director of Radio Iowa, a radio news network with headquarters in Des Moines, IA. With the network from Day One (1987). Covering politics forever.","Des Moines, Iowa",http://t.co/0lleBnf8wL,,,0
16434558,Lynda Tran,Lynda_Tran,Wed Sep 24 13:56:34 +0000 2008,11251,1835,4899,6442,315,,"Partner @270Strategies and @cbsnews contributor. Alum of @barackobama, @timkaine, @SEIU, @NHTSAgov. Proving you can have a career *and* family. #MeToo","Washington, DC",https://t.co/EXMUNEaeX8,,,1
860506912936402945,The Atlantic Festival,TheAtlanticFest,Fri May 05 14:50:10 +0000 2017,1422,248,884,1979,25,,"In its tenth year, Washington Ideas becomes The Atlantic Festival. Our new name pays homage to 161 years of award-winning journalism, analysis and storytelling.","Washington, DC",https://t.co/mGSzQpIFOQ,,,1
1002592436277927936,Partnership for Transpo Innovation + Opportunity,OurAVFuture,Fri Jun 01 16:47:18 +0000 2018,528,1296,426,432,11,,#Transpo & #auto companies & associations committed to advancing #autonomousvehicle tech and improving quality of life & the #FutureOfWork for all Americans.,"Washington, DC",https://t.co/1PQ2yhaOrD,,,0
18487710,Natasha Mozgovaya,mozgovaya,Tue Dec 30 20:40:04 +0000 2008,13944,2674,19,14530,675,,"Managing editor (Digital), VOA. Past: Haaretz DC bureau chief; TV host, reporter, Israel. Tweeting mainly foreign affairs, security, politics, tech.","Washington, DC",,,,1
52192850,Knowledge Alliance,KnowledgeAll,Mon Jun 29 21:18:35 +0000 2009,8414,575,4158,35427,420,,"Our mission is to substantially improve K-12 education by advocating for the widespread, effective use of research-based knowledge in policy and practice.","Washington, D.C.",http://t.co/IZQ1mK1JL1,,,0
22371662,Connie Carter,ConnieCarterDC,Sun Mar 01 15:33:13 +0000 2009,446,472,33,3676,27,,"Family 1st, Washington DC Top Realtor, Design and Art lover, Foodie, HomeLife Specialist, connieDC (snapchat)",Washington D.C.,https://t.co/fIu6XN48c9,,,0
48145172,Mark Fedeli,markfedeli,Wed Jun 17 22:36:34 +0000 2009,562,1490,2465,5813,14,,National security strategy for @boozallen. Author #HorizonZero (Blooming Twig - 2019) on digital handoff. Half-proud Christian. Striving for #DecisionInclusion.,"Washington, DC",,,,0
121795745,Abby Livingston,TexasTribAbby,Wed Mar 10 16:20:17 +0000 2010,23511,3692,2054,19829,733,,"DC buro chief @TexasTribune. Ex-Roll Call, CNNer, NBCer, soap opera intern. I ❤️ Springsteen, Belinda Carlisle songs, tambourines, softball, Longhorns & America",DC,https://t.co/6AlMrCBSkt,,,1
218325695,Ben Jacobs,Bencjacobs,Mon Nov 22 01:29:40 +0000 2010,182307,1191,2,127597,3465,,"Senior Political Reporter, @J_Insider 
ben@jewishinsider.com","Washington, DC",,,,1
602919981,Susie Lee,SusieLeeNV,Fri Jun 08 15:21:57 +0000 2012,5994,919,2365,2154,199,,"Congresswoman, #NV03. Education Advocate & Community Leader. Wife and mother of 2 awesome kids.",,https://t.co/AZhRjbkHOf,,,1
6170822,Sarma,sarma,Sun May 20 03:37:46 +0000 2007,11254,528,7942,21816,464,,Sarma Melngailis. Mom of @oneluckypuppy. Author of cookbooks. In mourning over @purefoodandwine + @oneluckyduck. It's a long story. #PeteforAmerica #TeamPete,New York City,https://t.co/bN39R3NKCb,,,0
831896484673118208,Plymouth Area Dems,PlyAreaDems,Wed Feb 15 16:02:32 +0000 2017,276,192,722,737,1,,Meetings 4th Weds. of every month at the Plymouth Regional Senior Center 8 Depot St.,"Plymouth, NH",https://t.co/ZeCKAlPiot,,,0
503872708,Kristi St. Laurent,KristiStL,Sun Feb 26 02:27:23 +0000 2012,384,232,972,762,14,,"NH State Committee on Aging; Chair - Windham Democratic Town Committee. Tweets are my own, do not indicate endorsement.","Windham, NH",https://t.co/LSL1yK6yn1,,,0
984457534634422273,Carlos Cardona,NhCardona603,Thu Apr 12 15:45:41 +0000 2018,14258,15116,25249,10971,15,,"Father,Business owner,Chair of Laconia Dems and Candidate for New Hampshire State Representative Laconia,NH ,2007 NH youngest elected official🏳️‍🌈🇵🇷","Laconia, NH",https://t.co/rTG0IitkmV,,,0
756234367828197381,Slate Goodwin,SlateGoodwin,Thu Jul 21 21:08:18 +0000 2016,606,1243,1344,2536,6,,Political Director @NHDems | Graduate of @UofAlabama | North Country Enthusiast,"Manchester, NH",,,,0
574799823,Chris Pappas,ChrisPappasNH,Tue May 08 19:11:57 +0000 2012,11266,483,714,2961,207,,"Congressman in #NH01 | Life-long Manchester Resident, Restaurant Owner, & Fmr Exec Councilor for District 4 | #NH01 | Visit @RepChrisPappas for official updates","Manchester, NH",https://t.co/ajkmDFbvZD,,,1
980301512,Senator Jeanne Dietsch,JeanneDietsch,Fri Nov 30 11:46:17 +0000 2012,256,136,67,651,23,,"NH Senator, District 9: (Bedford-Dublin-Greenfield-Fitzwilliam-Hancock-Jaffrey-Lyndeborough-Mont Vernon-New Boston-Peterborough-Richmond-Sharon-Temple-Troy)","Peterborough, NH",https://t.co/WnE0GWVAQ2,,,0
84183248,NH Democratic Party,NHDems,Wed Oct 21 22:53:12 +0000 2009,14349,1124,774,26105,374,,Official Twitter account of the New Hampshire Democratic Party.,New Hampshire,https://t.co/e6GfjFpcRp,,,1
1729827522,Moneyball 4 Gov,Moneyball4Gov,Wed Sep 04 20:43:54 +0000 2013,2471,427,92,1800,62,,"Moneyball for Government, a project of @Results4America, encourages government to increase their use of evidence & data when investing limited taxpayer dollars.",,http://t.co/6Zt6mSfPRu,,,0
1028930065,Concord News Radio,wkxlnh,Sat Dec 22 17:26:37 +0000 2012,628,63,7,4101,18,,"WKXL 103.9 FM, 1450 AM, and https://t.co/eMo2IHwvxV continues to strive to be a vibrant New Hampshire media entity. The station first hit the airwaves in 1946.","Concord, NH",https://t.co/07NhQADmDw,,,0
36096488,John Opdycke,jbopdycke,Tue Apr 28 15:39:37 +0000 2009,772,902,611,964,17,,"President, @Openprimaryusa Democracy activist, musical improviser, political independent, Michigan grad, soccer aficionado.","New York, NY",https://t.co/sShQvZtkYE,,,0
970390527421100032,Dave Williams,Williams4Iowa,Sun Mar 04 20:08:25 +0000 2018,338,156,105,135,11,,"Iowa House Representative for District 60. 
Former John Deere operations manager. 
Active community volunteer.","Cedar Falls, IA",https://t.co/oh11IraRvO,,,0
959899444274782211,Peter Leo,PeterLeoIA,Sat Feb 03 21:20:36 +0000 2018,290,103,480,375,7,,"NOW: Carroll County, IA Democratic Party Chair. THEN: 2018 Democrat for Iowa House Dist. 12. RTs & Likes not endorsements. Find my personal musings @peterleo10","Manning, IA",,,,0
897565399771992064,AM2DM by BuzzFeed News,AM2DM,Tue Aug 15 21:07:22 +0000 2017,26419,1889,2355,19483,348,,"A live morning show from @BuzzFeedNews, weekdays at 10 AM ET on Twitter ⏰",,https://t.co/VYe5WowGEE,,,1
2371896472,Jeff Allen,radioJeffAllen,Fri Feb 28 21:30:05 +0000 2014,24,27,3,91,0,,Introducing my new show: “the Seriously Zappa Radio Hour”. It’s packed with music with Frank and MOI. Listen on https://t.co/MdbBgODH5N every Friday at 5:00 pm EDT.,Ambler PA,,,,0
250851427,Jane Marquardt,JaneMarquardt,Fri Feb 11 23:08:12 +0000 2011,617,825,5157,3499,18,,"Jane Marquardt is an activist, grandmother, attorney and seeker of good health. Co-founder, Jane & Tami Marquardt Peace & Possibility Project.","Salt Lake City, Utah",https://t.co/luR4LJ5BA0,,,0
928403537909993472,When God Plays Dice,RKLindgren,Wed Nov 08 23:27:07 +0000 2017,487,542,730,1702,0,,"Retired accounting prof & publishing executive. I blog at https://t.co/pvtW8owfG8 about probability, volition, theodicy and current events.","Gulf Coast, FL",https://t.co/pvtW8owfG8,,,0
266927095,Colin Crowell,ColinCrowell,Wed Mar 16 01:45:26 +0000 2011,68822,3065,13439,11096,338,,"VP at @Twitter, leading the Public Policy, Government, and Corporate Philanthropy efforts @policy, @TwitterGov, & @TwitterforGood. Go @BostonCollege, @RedSox.",usually on a plane,,,,1
16287655,casey morell,csymrl,Sun Sep 14 21:37:09 +0000 2008,3591,983,66329,51384,121,,"director, @npratc | he/him | @sagaftra member | cmorell [at] npr [dot] org",the district of columbia,https://t.co/4zQKOr1jNP,,,1
23112236,On Point - NPR,OnPointRadio,Fri Mar 06 20:15:32 +0000 2009,65517,948,26960,100302,1874,,"NPR's On Point, a two-hour live show on the news, culture and more. Hosted by @MeghnaWBUR and @davidfolkenflik. Weekdays from 10 to noon EST.","WBUR, stations nationwide",https://t.co/yMzOGT3sdF,,,1
6708952,Steve Case,SteveCase,Sun Jun 10 05:23:46 +0000 2007,746288,5874,0,54712,10434,,Author of The Third Wave: An Entrepreneur's Vision of the Future. Chairman of Revolution. Chairman of Case Foundation. Co-founder of AOL. @ThirdWaveBook,Washington DC,https://t.co/fKbrxjPNU4,,,1
121283459,Sonia JM Quinonez,SoniaQ_NV,Tue Mar 09 01:16:16 +0000 2010,65,140,303,142,1,,,,,,,0
469708047,NPNA,npnewamericans,Fri Jan 20 22:09:58 +0000 2012,3079,1942,3959,8702,103,,"We represent the nation's largest immigrant coalitions. Aim to achieve vibrant, just democracy for all. Immigrants are the soul of our org, inspire our work",,http://t.co/xVOhHFk2jm,,,1
800707492346925056,Axios,axios,Mon Nov 21 14:28:37 +0000 2016,278394,828,470,50312,4957,,"Smart Brevity worthy of people's time, attention and trust. 

Visit our stream: https://t.co/MOsBGwib0S

Subscribe to our newsletters: https://t.co/hi21XepUhE",,https://t.co/A2aCI9Z3fA,,,1
15970158,Chris Marlin,lichrismarlin,Sun Aug 24 16:36:11 +0000 2008,327,1351,3481,1300,8,,Husband. Father. Opinions my own.,"Coral Gables, FL",,,,0
18267548,Atlantic Council,AtlanticCouncil,Sat Dec 20 15:34:07 +0000 2008,112129,1496,3629,45157,2562,,Working together to secure the future. https://t.co/KTbArs8Iwl,"1030 15th St NW,Washington, DC",https://t.co/otXMg8wX2m,,,1
44317593,Ishaan Tharoor,ishaantharoor,Wed Jun 03 07:53:43 +0000 2009,68612,3367,49355,68052,1641,,"Foreign affairs writer @WashingtonPost, anchor of Today’s WorldView (subscribe below!). Also teaching @GeorgetownSFS. New Yorker. Victoria concordia crescit",DC,https://t.co/KXXqtNlvBK,,,1
2819741495,J.D. Grom,JD_Grom,Thu Oct 09 14:58:26 +0000 2014,1038,1667,3889,4298,37,,"@NewDemCoalition Executive Director. Obama Treasury and Bean Team Alum. Aspiring runner and avid reader of tweets. Tweets my own, RTs not endorsements.","Washington, DC (via Illinois)",https://t.co/ublyDnK8zl,,,0
743155123258531840,POLITICO Playbook,playbookplus,Wed Jun 15 18:56:03 +0000 2016,22090,562,374,6997,489,,Win the morning. Own the day. Get Playbook.,"Washington, DC",https://t.co/SqJxS1RK42,,,1
19824430,College Democrats,CollegeDems,Sat Jan 31 18:05:56 +0000 2009,41939,652,2247,9025,1232,,"College Democrats of America | The official student arm of @TheDemocrats. Check us out on Facebook & Instagram, too! RT’s & likes not necessarily endorsements.",United States,https://t.co/hz3sXrjeuv,,,1
4847633308,A Miner Detail,AMinerDetail,Tue Jan 26 01:01:42 +0000 2016,1111,1073,81,3198,29,,Maryland News and Politics. Email Ryan for tips/stories/ideas: Ryan@AMinerDetail.com. Call: (301) 991-4220.  #MDPolitics,"Maryland, USA",https://t.co/R5ebfldiwi,,,0
85131054,Jeff Zeleny,jeffzeleny,Sun Oct 25 18:01:39 +0000 2009,271837,1844,580,14827,3743,,"CNN Senior Washington Correspondent, covering President Trump, the vast field of 2020 candidates and the state of politics in America.","Washington, DC",https://t.co/KWFMkrEjdY,,,1
41668297,Nebraska Democratic Party 💙 🌊,NebraskaDems,Thu May 21 20:22:03 +0000 2009,7397,1280,6767,34416,253,,"Growing the Good Life for all Nebraskans, not just a few at the top. Our Chair is @JaneKleeb. Indy voters are welcome to vote in our Primary Election 5/12/2020.","Lincoln, NE",,,,1
13657922,Des Moines Register,DMRegister,Tue Feb 19 04:56:13 +0000 2008,153771,5017,1051,99406,2332,,The news Iowans have depended upon since 1849. Winner of 17 Pulitzer Prizes. Support local journalism by subscribing at https://t.co/M3wA9tGwwF.,"Des Moines, Iowa, USA",https://t.co/l1zKlTUG8R,,,1
298137288,Robert McCartney,McCartneyWP,Fri May 13 19:42:01 +0000 2011,3833,151,926,6717,187,,"Washington Post's senior regional correspondent, covering politics and policy from Richmond to Annapolis. (Retweets aren't necessarily endorsements.)","Washington, D.C.",http://t.co/HbHKvt8tEY,,,1
18080729,#GetWoke⏰ #MIP🎙️ #GetWokeAndVote🗳️,MakeItPlain,Fri Dec 12 17:26:42 +0000 2008,20706,2790,12969,130767,595,,Hosted by @ministter (RTs ≠ endorsements) #MIP 🎙️#MakeItPlain 📻 #GetWoke ⏰#GetWokeAndVote 🗳️,"New York, NY",https://t.co/D1F065gv3y,,,0
16347171,Nick Weig,tbweig,Thu Sep 18 14:22:28 +0000 2008,831,711,1050,8896,45,,"Father, Husband, @cbs2iowa &  @fox28iowa Political Reporter 📺, Storm Chaser🌪, Hawkeyes🏈🏀 & Cubs⚾ fan. RT not endorsements. Opinions are my own.","Marion, IA",https://t.co/dCkWnImx9G,,,1
16815644,ABC News Politics,ABCPolitics,Thu Oct 16 22:43:16 +0000 2008,754475,476,72,127215,6357,,Reports from @ABC News' political team.,"Washington, DC",https://t.co/SO3M0qceOH,,,1
241808573,Brad Mielke,TheBradMielke,Sun Jan 23 05:33:23 +0000 2011,5954,1302,3953,6636,314,,Reporter at @abc. Host of the podcast @StartHereABC. Retweets mean I find them interesting.,"Brooklyn, NY",https://t.co/yGMQmc1v5w,,,1
499881783,Jake Bullington,JakeBullington,Wed Feb 22 15:42:01 +0000 2012,1577,2914,227463,23376,46,,"Iowa transplant + @drakejmc grad writing about 2020 #IACaucus. Follow me on Instagram! | Freelancer of all things internet | Opinions mine, DMs open.","Des Moines, IA",https://t.co/PqzMyqdmvg,,,0
2779389582,steve hilton,SteveHiltonx,Fri Aug 29 23:23:37 +0000 2014,64338,123,0,8085,565,,"Author, Positive Populism (2018), More Human (2016); Host, @NextRevFNC. Co-founder: @Crowdpac, @gbminds #PositivePopulism: Let's Put Power In People's Hands!",California,https://t.co/iLB44RSPN4,,,1
423733599,Kirsten D. Anderson,KirstenisKit,Mon Nov 28 21:38:26 +0000 2011,1135,1703,4106,2254,19,,"Advocate for harassment-free workplaces. Passionate communicator. Iowan. Mother. Old house owner, lover, fixer. Politico.","Des Moines, IA",https://t.co/gCRWlOiIOv,,,0
14662569,WMUR TV,WMUR9,Mon May 05 18:01:28 +0000 2008,127942,391,72,309520,1434,,"News, weather and sports updates from WMUR News 9 and http://t.co/OLoBoV59e7.",New Hampshire,http://t.co/L7Ckio68qL,,,1
115564212,Edward-Isaac Dovere,IsaacDovere,Fri Feb 19 03:10:56 +0000 2010,54650,946,0,42297,1625,,"Staff Writer, The Atlantic - isaac(AT)https://t.co/BNPtcwJm7E",,,,,1
513801878,Kathy Siggins,KathySiggins,Sun Mar 04 01:19:59 +0000 2012,162,87,13,335,3,,"Wife, Mother, Grandmother, Volunteer Advocate for Alzheimer's Disease, Co-President and VP Legislation NARFE","Maryland, USA",http://t.co/pl1IOEC6TT,,,0
621423747,UChicago Politics,UChiPolitics,Thu Jun 28 21:57:31 +0000 2012,11098,830,1254,7092,273,,An extracurricular program at @UChicago designed to nurture in students a passion for politics & public service. RT ≠ endorsement.,"Chicago, IL, USA",http://t.co/E7ZLJU3stO,,,0
278175882,Alexi McCammond,alexi,Wed Apr 06 19:20:39 +0000 2011,37056,1000,17043,17938,564,,@axios reporter covering 2020 / send tips & your best dad jokes lexi@axios.com,"Washington, DC",https://t.co/yTFLNXeDwu,,,1
48205983,Adam Shapiro,Ajshaps,Thu Jun 18 02:04:02 +0000 2009,5387,2559,114,7093,134,,Anchor @YahooFinance. Stop and Listen. Retweets are not endorsements.,New York City,https://t.co/nwEu5UJAtZ,,,1
9300262,POLITICO,politico,Mon Oct 08 00:29:38 +0000 2007,3842977,1426,29,308190,39459,,"Nobody knows politics like POLITICO. Got a news tip for us? 
👉 https://t.co/fp9nugJuND","Washington, D.C.",https://t.co/PPMyQsPlIg,,,1
244655353,David Axelrod,davidaxelrod,Sat Jan 29 20:34:55 +0000 2011,1138960,663,118,11412,10864,,"Director, UChicago Institute of Politics. Senior Political Commentator @CNN. Author, Believer: My Forty Years in Politics. Host of The Axe Files podcast and TV.",,,,,1
187737396,Leon Quinn Trujillo,oneluckypuppy,Tue Sep 07 01:03:55 +0000 2010,701,183,2632,2020,12,,"My name is Leon. I'm @sarma's puppy, brought to her via Sean Casey Animal Rescue in Brooklyn. Voting for #PeteButtigieg 🐾 and his two rescue dogs.","Harlem, NYC",,,,0
123231225,CitizensClimateLobby,citizensclimate,Mon Mar 15 12:21:11 +0000 2010,32367,16211,7494,28807,1019,,"CCL is a nonpartisan, nonprofit, grassroots organization. Our volunteers lobby Congress for #BipartisanClimate solutions. Join your local chapter today!",Nationwide,https://t.co/HyNIjFCtTY,,,1
3167577032,Sorenson Impact,Sorenson_Impact,Wed Apr 22 15:09:04 +0000 2015,2541,1768,6277,2468,77,,"We marshal capital for social good, empower data-driven programs, break down silos across sectors, and equip the next generation of leaders with social purpose.","Salt Lake City, UT",https://t.co/ZdiaMRGB6K,,,0
1059963891176882176,Charlotte Clothier McClintock,mcclintockchar,Wed Nov 07 00:20:59 +0000 2018,59,204,528,64,5,,"Currently studying applied statistics and human behavior @UVA, working at the intersection of data and justice.","Charlottesville, VA",https://t.co/mbrirj8lOI,,,0
528177366,Devin D. Thorpe,devindthorpe,Sun Mar 18 05:21:20 +0000 2012,41613,27229,90165,33932,1391,,"Champion of Social Good: Author, Rotarian, Forbes Contributor, keynote speaker, helping you use #crowdfunding, #impinv, #socent, #nonprofit to make your mark.","Salt Lake City, Utah",,,,1
976258332,ACLU of New Hampshire,ACLU_NH,Wed Nov 28 14:43:38 +0000 2012,2444,713,653,2526,63,,We defend and protect the civil liberties of every Granite Stater. Join us and take action! We are a 501(c)(4) organization.,"Concord, New Hampshire",https://t.co/j4xBaBcaTf,,,0
759251,CNN,CNN,Fri Feb 09 00:35:02 +0000 2007,42172547,1108,1437,248974,138554,,It’s our job to #GoThere & tell the most difficult stories. Join us! For more breaking news updates follow @CNNBRK  & Download our app ?https://t.co/UCHG9M367J,,http://t.co/IaghNW8Xm2,,,1
94391895,Here & Now,hereandnow,Thu Dec 03 19:08:58 +0000 2009,34038,15344,1827,42063,901,,"Here & Now is @NPR's midday news magazine, produced at @WBUR and hosted by @hereandnowrobin and @jeremyhobson.",Boston,http://t.co/8IXzFYltZj,,,1
71144924,Scott Blasey,scottblasey,Thu Sep 03 02:11:58 +0000 2009,5434,546,2314,2542,54,,Father to 3 Daughters - Husband - Son - Friend - Songwriter - Singer,Pennsylvania,https://t.co/53ZZrzCXLJ,,,0
73754019,Jaime Harrison,harrisonjaime,Sat Sep 12 22:51:23 +0000 2009,136765,5837,9932,14327,515,,"Son of a single mom. Born & raised in Orangeburg, SC. Fighting for working people. Running for US Senate to #SendLindseyHome. Join us ⬇️",South Carolina,https://t.co/yV5gPlbZhc,,,1
1026875838988537856,Casey Neal,caseycneal,Tue Aug 07 17:00:53 +0000 2018,283,349,769,202,11,,"NH Dep. Political Director @sengillibrand 2020, former Organizing Director #FreeandFairNH @ColinVanOstern & misc MD & NM & PA","Manchester, NH",,,,0
20739638,Roger Stephenson,RogerAPR,Fri Feb 13 01:51:32 +0000 2009,485,623,654,3792,16,,NE advocacy director Union of Concerned Scientists. Paddle hike & bird in my NH.  UNH hockey fan. Focus on climate & energy policy & politics. Views are my own.,New Hampshire,,,,0
2245369181,Ben Ernst,Benjernst,Thu Dec 26 20:38:50 +0000 2013,2488,1585,4299,3194,30,,"NH Political Director @AmyKlobuchar | Compulsive tab closer trying to learn, win, and do #themostgood @williamandmary","Manchester, NH",,,,0
158769355,Annie Ropeik,aropeik,Wed Jun 23 15:36:58 +0000 2010,2579,1229,15727,15055,132,,"reporter @nhpr: energy, environment, seacoast 🏞️ via IN, DE, AK, MA 📻 marylander 🦀 she/her ✨ RTs = 🤔",New Hampshire,https://t.co/65nea3F0Kb,,,1
2168189855,Chris MacKenzie,chrismacknz,Mon Nov 04 16:01:07 +0000 2013,216,195,213,340,19,,NH State Director with @JohnDelaney. Previously Comms Director with @RepTerriSewell and @USPIRG. Views are my own.,"Manchester, NH",,,,0
15923226,Washington Journal,cspanwj,Wed Aug 20 21:05:41 +0000 2008,62315,5206,1573,39744,1962,,C-SPAN's morning call-in program. Live every day from 7-10am ET with guests taking your calls and tweets. Join the conversation. https://t.co/WVBy5wxXOa,"Washington, DC",https://t.co/S60LwkBFso,,,1
1917731,The Hill,thehill,Thu Mar 22 18:15:18 +0000 2007,3297363,252,25,587035,26069,,"The Hill is the premier source for policy and political news. Follow for tweets on what's happening in Washington, breaking news and retweets of our reporters.","Washington, DC",http://t.co/t414UtTRv4,,,1
549692104,Brian Ettling,BrianEttling,Tue Apr 10 01:07:59 +0000 2012,1360,1473,5378,4320,55,,"Climate change communicator, former Crater Lake Nat. Park Ranger, public speaker, US traveler, hiker, writer, blogger, @ClimateReality Leader & @CitizensClimate","Portland, OR",https://t.co/r4VSTFQJgo,,,0
1093977715609354242,Team Delaney - IA,TeamDelaneyIA,Fri Feb 08 20:59:47 +0000 2019,558,621,274,525,11,,We are the Iowa staff of @JohnDelaney's presidential campaign.,"Iowa, USA",,,,0
31565351,Ana Cabrera,AnaCabrera,Wed Apr 15 23:52:44 +0000 2009,50600,3547,14924,15688,805,,"@CNN Anchor and Correspondent, Mom, Wife, Runner, Traveler, Gardener, Dog lover, Skier, Huge Denver Broncos Fan, Proud @MurrowCollege alumna RT ≠ endorsements.","New York, NY",,,,1
1093248108237148160,Solutions 2020,BFsolutions2020,Wed Feb 06 20:40:35 +0000 2019,509,509,125,335,3,,"Business Forward
Solutions 2020: Real-world Recommendations for the New Congress and the Next President","Washington, DC",https://t.co/mPr7EUvMWH,,,0
3158726167,Bryce Smith 🏳️‍🌈,BryceSmithIA,Thu Apr 16 05:28:52 +0000 2015,792,1993,2142,1624,23,,"husband, millennial, entrepreneur, progressive, county chair, LGBTQ advocate, bowler, & Frenchie lover #LoveTrumpsHate | he/him","Adel, IA",,,,0
158062942,Alli Hedges,AllisonLHedges,Mon Jun 21 17:39:47 +0000 2010,1516,1283,1266,1223,26,,"CNN Producer for @NewDay Anchor @JohnBerman  | NYC resident | Philly native | Penn Stater | Consumer of news, caffeine, and bad reality television",New York City,https://t.co/Rmje6Eb6KZ,,,0
2805772524,Heartland Politics,PoliticsKBUR,Fri Sep 12 16:06:36 +0000 2014,271,688,612,858,6,,"Political radio broadcast discussing current issues facing the country featuring interviews with senators, congressman, governors, and other political elites.","Burlington, IA",http://t.co/xUYB1F4G1J,,,0
18038834,Ryan Miner,RyanRMiner,Thu Dec 11 02:52:46 +0000 2008,2908,4973,2759,54449,99,,"Marylander | Editor in Chief, Founder & Reporter at @AMinerDetail | Host of @AMDPodcast | Ryan@AMinerDetail.com | (301) 991-4220 | Husband | Dad | Stern fan|","ÜT: 39.68299,-77.68299",https://t.co/R5ebfldiwi,,,0
2791643362,Service Year,ServiceYear,Mon Sep 29 13:12:15 +0000 2014,3440,3227,9311,8857,89,,A #serviceyear is an opportunity to develop real-world skills through hands-on service. 👻 : serviceyear,"Washington, DC",https://t.co/DiXtoosDqy,,,0
595212078,MichaelStarr Hopkins,Theonlyhonest,Thu May 31 03:21:10 +0000 2012,4324,2741,21484,1815,93,,National Press Secretary @JohnDelaney for President. Former NY Public Defender/Obama/Clinton/Shaw/Gillum alum. RT’s and Opinions my own.,"Washington, DC",https://t.co/gt1CcUpCBE,,,1
1059276581741477888,April McClain-Delaney,AMcClainDelaney,Mon Nov 05 02:49:52 +0000 2018,95,83,70,122,3,,,"Maryland, USA",,,,0
312677640,FT World News,ftworldnews,Tue Jun 07 14:06:39 +0000 2011,130154,24,0,52233,1131,,Latest world news stories and posts from The World blog. Our customer service team is @FTcare.,London,http://t.co/skIRba6l0P,,,1
3331471966,Ben Ritz,BudgetBen,Wed Jun 17 15:28:11 +0000 2015,1278,353,13800,11216,27,,"Director of the @PPI Center for Funding America's Future. Previously worked for @BPC_Bipartisan and @ConcordC. Personal account, views are my own.","Arlington, VA",https://t.co/iz2GMm3iJJ,,,0
1068353754880253952,Focus On Rural America,focusonrural,Fri Nov 30 03:59:18 +0000 2018,1362,982,38,358,11,,Bridging the divide between Rural and Urban America by building support for a progressive economic agenda.,"Iowa, USA",https://t.co/74kpCAOCqJ,,,0
1093972637074759680,Team Delaney NH,TeamDelaneyNH,Fri Feb 08 20:39:36 +0000 2019,130,138,56,101,4,,NH staff for @JohnDelaney's presidential campaign. Keep up with us on the campaign trail here! #nhpolitics #fitn,"New Hampshire, USA",,,,0
1103344889612378113,Julian Sutcliffe,LiveQueerorDie,Wed Mar 06 17:21:35 +0000 2019,13,56,17,40,0,,"Field Organizer @TeamDelaneyNH. Former #Yeson3 canvasser, @NHDP intern. Cat parent, avid caffeine consumer. they/them","Manchester, NH",,,,0
139606779,Andrea J. Phillips,AndreaJPhillips,Mon May 03 04:08:53 +0000 2010,1661,880,6281,6114,49,,Vice Chair of the Iowa Democratic Party. Data geek. Word nerd. Political junkie. Lapsed expat. Likes/RTs not endorsements. #iacaucus #2020bookclub,"Ankeny, IA",,,,0
700784500658208768,Cheddar,cheddar,Fri Feb 19 20:50:19 +0000 2016,232442,7090,11047,31527,1933,,"Cheddar covers the latest in news, business, media, and tech. Live weekdays from 7am - 5pm EST. https://t.co/5m4mtcooOd","New York, NY",https://t.co/tf0BsbRMXt,,,1
180491774,Rachel Potucek,RachelEPotucek,Thu Aug 19 19:28:02 +0000 2010,2265,3805,1116,426,21,,"Iowa Comms @JohnDelaney. Alum @DPOC, @RepLindaSanchez, @SujaLowenthal, @KState. Views my own. Text DELANEY to 72727.","Des Moines, IA",,,,0
357523121,Ameshia Cross,AmeshiaCross,Thu Aug 18 14:09:41 +0000 2011,1784,386,3655,27699,55,,"Political Commentator & Analyst @WeAreSinclair. Fellow @TrumanProject. Correspondent 
@WVON1690. Activist. Advocate. Political Strategist. Tweets are my own",DC & Chicago,https://t.co/NQ5lsGL0j7,,,1
17866318,Liza Donnelly,lizadonnelly,Thu Dec 04 12:32:54 +0000 2008,28352,3029,12509,79052,1014,,"Visual Journalist. @NewYorker cartoonist, Resident cartoonist @CBSNews, contributor CNN, NYTimes, Medium. Speaker @tedtalks SXSW2019 Gonna change world w #humor",New York,https://t.co/SXSFWZhlPh,,,1
13850422,CNN Politics,CNNPolitics,Sat Feb 23 03:12:49 +0000 2008,2831245,342,9,152117,15890,,"Political news, campaign stories and Washington coverage from CNN's political team.","Washington, D.C.",https://t.co/KWFMkrEjdY,,,1
17112878,State of the Union,CNNSotu,Sun Nov 02 10:52:24 +0000 2008,169299,657,175,16997,1788,,From the staff of CNN's State of the Union with @JakeTapper. Watch Sundays at 9a ET on @CNN & @CNNi + 12p ET on @CNN. Always on @CNNgo! #CNNSOTU,"Washington, D.C.",https://t.co/eBi9jSp7W6,,,1
14529929,Jake Tapper,jaketapper,Fri Apr 25 17:23:28 +0000 2008,2075700,7575,24904,194863,21930,,CNN Anchor of @TheLeadCNN and @CNNSOTU and Chief Washington Correspondent; author of the NYT best-selling novel @TheHellfireClub and non fiction @TheOutpostBook,,https://t.co/MMatLD6M20,,,1
279838769,Josh DeLozier,joshdelozier,Sun Apr 10 03:40:58 +0000 2011,948,510,1139,1759,18,,#Google Level 2 Certified Educator & 2x T.O.Y. Social Studies Dept Chair at Bethany High School #oklaed #edtech #edchat #gsuiteedu #gsuiteforedu #googleedu,"Norman, OK",https://t.co/Nv8LxYVdy0,,,0
18179659,Michael Mathes,MichaelMathes,Wed Dec 17 02:15:17 +0000 2008,3741,2575,2241,17513,236,,"AFP US politics/Congress correspondent, lifelong human.  2020 is coming. 
Ex-Hanoi & Bangkok. Thoughts mine.","Washington, DC",https://t.co/kqhCI1T6KT,,,1
170903736,Kalyn Norwood,KalynNorwood,Mon Jul 26 02:18:59 +0000 2010,911,282,1965,2789,28,,@kvue reporter | @usc grad | #Blessed | Tell me your story — knorwood@kvue.com,"Austin, TX",https://t.co/u6ihuWVIJf,,,1
178012979,Will McDonald,willismcdonald,Fri Aug 13 16:59:16 +0000 2010,783,3447,203,818,34,,Communications Director for @JohnDelaney.,"Friendship Heights Village, MD",https://t.co/WcEkGj23hV,,,1
29336181,Tim,Tuchdown26,Tue Apr 07 00:19:42 +0000 2009,306,844,23911,21880,0,,"43 year old, Roman Catholic, Married, Father of 4, struggling sinner, I let my faith define my politics not the other way around,","Clinton, Maryland",,,,0
25451173,Steve Momorella,OnlineNewsroom,Fri Mar 20 03:26:03 +0000 2009,14658,14636,28,6049,463,,Online newsrooms have transformed the news industry; giving PR & media relations direct access to news consumers and journalists without relying on a news wire.,"Charlottesville, VA",http://t.co/L5y9kVkywJ,,,0
1082726082598580225,Team Delaney,teamdelaney2020,Tue Jan 08 19:49:48 +0000 2019,63,19,9,55,1,,Team John Delaney here to answer all your questions!,,,,,0
3118966611,Lorraine Shill,LorraineShill,Thu Mar 26 15:37:47 +0000 2015,77,230,2442,780,1,,,,,,,0
2591675300,Charles Davis 🇺🇸,CharlesPDavis,Fri Jun 27 16:59:06 +0000 2014,1423,4648,826,106413,63,,Former Vice-Chair of the Parks & Recreation Advisory Board for the @TownOfBeaufort | #Warren2020 | ASU Senior | @HillaryForNC Alumni,RT ≠ endorsements,https://t.co/0myDOs2YBu,,,0
395449016,Need 2 Know,Need2Know,Fri Oct 21 17:38:11 +0000 2011,30271,523,1128,9099,71,,"The morning's big headlines and analysis, in 10 minutes or your money back. Listen everywhere you get your podcasts. 👇 https://t.co/Slr5OPNuCp",NYC,https://t.co/RFkC1ZfZs9,,,1
169514394,John Davis,jkvdavis,Thu Jul 22 14:38:39 +0000 2010,675,1418,471,895,16,,Campaign Manager for John Delaney,,https://t.co/WcEkGj23hV,,,1
1105211585910501383,Jen Pellant,jenp4jkd,Mon Mar 11 20:59:10 +0000 2019,122,253,1159,761,2,,"Iowa’s oldest living field organizer. Working for change, hoping for the best. Choosing love and empathy over hate and apathy whenever possible.","Council Bluffs, IA",,,,0
11856892,Meet the Press,MeetThePress,Fri Jan 04 22:28:20 +0000 2008,589938,404,1494,61239,7009,,"Meet the Press is the longest-running television show in history. If it's Sunday, it's Meet the Press with @ChuckTodd. #MTP #IfItsSunday #MTPDaily","Washington, D.C.",https://t.co/uqtRXPrjFZ,,,1
954716508432818176,David Weaver,weaverforiowa,Sat Jan 20 14:05:28 +0000 2018,392,456,892,698,8,,Candidate for Iowa House District 47. Farmer. Iowa Native. I'm ready to get us moving in the right direction again.,"Rippey, Iowa, USA",,,,0
436884418,Ames Trib News,AmesTribNews,Wed Dec 14 18:05:27 +0000 2011,3620,526,112,11836,123,,"The Ames Tribune is a daily newspaper in Ames, Iowa, serving Story County. Following of individuals, parties or groups are not endorsements.","Ames, Iowa",https://t.co/aPEeF4uUUm,,,0
14276290,Douglas W. Burns,douglaswburns,Tue Apr 01 17:05:58 +0000 2008,1979,2073,777,5912,101,,4th-generation Iowa journalist. Co-owner/columnist Carroll Times Herald/Herald Publishing. Writes Political Mercury column in Des Moines' Cityview.,"Carroll, Iowa",https://t.co/vSTEZEVcbv,,,0
21844854,Jonathan Alter,jonathanalter,Wed Feb 25 07:15:20 +0000 2009,107188,583,37,16487,2356,,"Emily's husband; Charlotte, Tommy, Molly's dad. Author (FDR,Obama), doc filmmaker, MSNBC analyst, DailyBeast columnist. Co-host,Sirius XM Alter Family Politics.",,https://t.co/gfc5wBPCcn,,,1
824856330930262019,Ed Whistler,Ed_Whistler,Fri Jan 27 05:47:29 +0000 2017,82,244,2540,6734,1,,Wilderness lover and patriot of the Northwest. Radical centrist Dem. Lifelong slow learner.,"Seattle, WA",,,,0
89820928,Andrea Mitchell,mitchellreports,Fri Nov 13 23:28:11 +0000 2009,1761486,1535,4321,49413,9427,,"NBC News Chief Foreign Affairs Correspondent/anchor, Andrea Mitchell Reports, weekdays at 12pm ET on @MSNBC.","Washington, DC",http://t.co/dYZhATgdBX,,,1
121231327,Globe Gazette,globegazette,Mon Mar 08 21:24:46 +0000 2010,4789,38,111,66368,154,,,"Mason City, Iowa",http://t.co/jB419HqdvN,,,0
4909361,Greg Hauenstein,greghauenstein,Mon Apr 16 18:48:24 +0000 2007,2531,3507,19379,17113,145,,"Iowan. @EmilyHolley’s husband, Eloise’s dad. Digital for @JohnDelaney. Side hustle photographer. Opinions are mine & often reality based.","Des Moines, IA",https://t.co/nU09B5EcZ6,,,0
16955991,Salon,Salon,Fri Oct 24 20:13:31 +0000 2008,978248,5784,1559,211927,15895,,"The original online source for news, politics and entertainment. 

 We’re on Instagram: salonofficial",,https://t.co/Bku2ma08Ss,,,1
18320938,(((DeanObeidallah))),DeanObeidallah,Mon Dec 22 23:46:14 +0000 2008,88844,10195,58703,123068,1497,,"Host The Dean Obeidallah show Mon-Fri 6-9PMET @SXMProgress Radio. Columnist @thedailybeast. Host of ""I Want To Be Your Muslim Friend"" Podcast",,https://t.co/YUuEZVGY8N,,,1
20353094,Channing Dutton,channingdutton,Sun Feb 08 06:01:18 +0000 2009,454,49,1090,11561,47,,Climate-first...the only issue,"West Des Moines, IA",http://t.co/twA1Zasb6d,,,0
1375289149,New Day,NewDay,Tue Apr 23 19:11:41 +0000 2013,322386,1265,6967,58246,1950,,Join Alisyn Camerota & @JohnBerman on CNN weekdays 6-9a ET for all the latest news. @VictorBlackwell & @Christi_Paul host weekends.,,https://t.co/5lCXrXkeS9,,,1
49228669,Dave Akerly,DaveAkerlyOnAir,Sun Jun 21 04:18:58 +0000 2009,878,858,1767,6308,30,,Host of the Morning Wake Up w/Dave Akerly @1320WILS RT ≠ Endorsement,"Lansing, MI",https://t.co/PO6dmGtzpg,,,0
24295482,David Webb,davidwebbshow,Sat Mar 14 00:51:43 +0000 2009,150019,510,2434,85002,1461,,"SiriusXM Patriot host M-F 9am east/6am west. Host of Reality Check on Fox Nation, Fox News contributor, The Hill columnist, RTs ≠ endorsements.",New York City,,,,1
835857204,After the Bell,AftertheBell,Thu Sep 20 16:04:10 +0000 2012,6100,253,632,4059,122,,Every day on @foxbusiness at 4pm ET @MelissaAFrancis & @connellmcshane bring you breaking news after the bell and explain what it means for you & the markets.,New York City,https://t.co/Uq6hQupNWz,,,1
15075999,Hugh Hewitt,hughhewitt,Tue Jun 10 18:38:27 +0000 2008,180656,2890,4817,118932,3820,,Nationally Syndicated Radio Host weekdays 6-9 AM EST on Salem. NBC News/MSNBC Contributor. Washington Post contributing columnist. Browns/Tribe/Cavs/Buckeyes,California,https://t.co/EKK53CGkI2,,,1
298109087,Johnny Verhovek,JTHVerhovek,Fri May 13 18:15:33 +0000 2011,3555,5875,1736,15896,148,,"Political Reporter for @ABC covering 2020 | @Georgetown grad | Of the PNW, Seahawks, Mariners enthusiast | john.h.verhovek@abc.com","Washington, D.C.",https://t.co/pcAOFmMRSY,,,1
29608625,Bianca Facchinei,BiancaFacchinei,Wed Apr 08 01:52:00 +0000 2009,4643,589,5577,10698,102,,Politics Reporter @Newsy | Facebook + Instagram: @BiancaFacchinei | RTs ≠ endorsements,"Washington, DC",https://t.co/GksmrW7xSY,,,0
255559864,Stephanie Sy,TheStephSy,Mon Feb 21 16:26:55 +0000 2011,3769,2901,464,3836,109,,Anchor/national correspondent @yahoonews. Covering politics/tech/AI. Send tips/story ideas to stephanie.sy@yahoonews.com,"New York, NY",https://t.co/ogTFL8AsET,,,1
911780719,Bold,BoldTV,Mon Oct 29 05:08:37 +0000 2012,67029,1007,5567,18398,881,,"Welcome! #BoldTV is a bipartisan, digital news network building a more perfect union. https://t.co/L4hPhlUQq7 | Booking: hello@bold.global","New York, USA",https://t.co/Y7jttHCKA4,,,1
24792160,Oren J. Falkowitz,orenfalkowitz,Mon Mar 16 23:13:03 +0000 2009,1604,1197,7989,13210,136,,"CEO, @area1security 🎣🐟🐡 (he/him)",,https://t.co/6oc3F708lW,,,1
312800783,America's Newsroom,AmericaNewsroom,Tue Jun 07 17:52:42 +0000 2011,79728,337,1172,32743,754,,Live on the FOX News Channel Every Weekday From 9-NOON EST! #AmericasNewsroom,"New York, NY",http://t.co/TiDPxgo9pq,,,1
15012486,CBS News,CBSNews,Thu Jun 05 00:54:31 +0000 2008,6773855,454,288,217943,49972,,Your source for original reporting and trusted news.,"New York, NY",https://t.co/VGut7r2Vg5,,,1
234094069,The Exchange,NHPRExchange,Tue Jan 04 20:54:42 +0000 2011,4887,1448,576,14571,135,,NH's only daily call-in show dedicated to news and public affairs. Hosted by Laura Knoy. Call in! (800) 892-6477,New Hampshire,http://t.co/N9hLbnQluw,,,0
14188527,Jack Jenkins,jackmjenkins,Fri Mar 21 00:48:21 +0000 2008,25150,1158,24651,56175,600,,National Reporter for @RNS. @HarvardDivinity & @PresbyCollege alum. I do religion. Also politics. Usually both. Tips: https://t.co/bklnVxcbSM,"Washington, DC",https://t.co/Y5UCWZ1ZAZ,,,1
1876175636,Adam Sexton,AdamSextonWMUR,Tue Sep 17 16:55:36 +0000 2013,6178,1595,4499,7357,159,,"@WMUR9 Political Director. Host, CloseUp NH. Proud Husband of @603Amanda, Dada to Ham & Sock. @49ers & @Mariners fan. The North Remembers.",New Hampshire,https://t.co/Mc5FvmTr3o,,,1
704720726683615233,Ben Cobley,BenC00,Tue Mar 01 17:31:29 +0000 2016,407,1038,8619,1863,16,,"NOW: Comms Director: @IowaVoices ALUMNI: @JohnDelaney @gpsimpact, @HillaryforIA, @Hogg4Sen, @IowaSenate, @NLC_DesMoines","Des Moines, IA",https://t.co/HvvJFnEWRI,,,0
110829675,Wayne Lesperance,necprof,Tue Feb 02 22:39:35 +0000 2010,1306,2688,1331,4411,28,,"Vice President of Academic Affairs and Professor of Political Science in #FITN NH, husband, father, bulldog owner, and devoted fan of Th. Jefferson.","Henniker, NH",https://t.co/HCxq2WBEnC,,,0
1056918746009341953,WSJ at Large,WSJatLarge,Mon Oct 29 14:40:40 +0000 2018,356,747,24,197,6,,"WSJ at Large with Gerry Baker - The Editor at Large of @WSJ - Fox Business Network, 9:30 pm ET

 - Facebook: https://t.co/ikIJZgM7S3","New York, NY",https://t.co/sfH4WN67Q4,,,1
121631678,Jake Lahut,JakeLahut,Wed Mar 10 03:13:55 +0000 2010,2051,939,16621,28942,73,,Covering 2020 & #NHpolitics at the @Keene_Sentinel | Stints @POLITICO @NewYorker @dgazette @timesunion | 🆙state NYer | bilingue 🇫🇷 | tips⤵️,jlahut@keenesentinel.com,https://t.co/YH9missG2L,,,1
1726581494,NFFC,FamilyFarmCo,Tue Sep 03 20:32:21 +0000 2013,2053,516,4484,3006,58,,National Family Farm Coalition serves as the national link for family farm and rural organizations in the U.S. We promote socially just food and farm policy.,,,,,0
226647144,Matthew Dillon,_MatthewDillon,Tue Dec 14 18:15:15 +0000 2010,5627,2403,7987,5939,161,,"#Nebraska #omaha #DC - Urban/rural. Food, farming, seed & occasionally off-topic(#poker). Government Affairs & Ag for Clif Bar but twitter opinions are mine.",in the weeds,,,,1
2828323072,Kiley Miller,kileyamiller,Mon Oct 13 20:38:08 +0000 2014,172,291,552,236,2,,,"Iowa, USA",http://t.co/lqagPI6zSz,,,0
949118761,Katie Peikes,katiepeikes,Thu Nov 15 05:33:07 +0000 2012,997,823,1595,3888,45,,Reporter @IowaPublicRadio. Previously covered science @DelawarePublic. Avid skier. kpeikes@iowapublicradio.org.,"Sioux City, IA",https://t.co/0XRyofZicz,,,0
51584209,Shawn Sebastian ⛰️🌊,shawnsebastian,Sat Jun 27 23:02:16 +0000 2009,2743,1785,12246,18110,44,,"Progressive Iowan, @WorkingFamilies, @CCIAction. #MedicareforAll, #GreenNewDeal, #UnionsforAll. Formerly Director of Fed Up, advocating full employment.","Iowa, USA",https://t.co/UZga94p5Yo,,,1
351866175,Kim Norvell,KimNorvellDMR,Tue Aug 09 20:52:07 +0000 2011,2544,1679,4457,11525,123,,"Des Moines growth and development reporter @DMRegister, covering @ewarren and @billdeblasio for #iacaucus, alumna of Iowa State. E-mail: knorvell@dmreg.com.","Des Moines, IA",https://t.co/LPeezGe0Z8,,,1
16246929,Dan Primack,danprimack,Thu Sep 11 20:14:45 +0000 2008,95040,3582,17070,51882,3086,,Biz editor @Axios. Pro Rata newsletter and podcast. Dan@axios.com. DM for Signal/Confide/Telegram.,Boston,https://t.co/PfLzL6JV3A,,,1
995478067597496322,HILLTV,HillTVLive,Sun May 13 01:37:21 +0000 2018,3730,831,370,3238,52,,"📺 Tune into ""Rising"" weekdays, starting at 9 a.m. (ET). 👉 Follow us on Facebook https://t.co/hJRRsyl72b","Washington, DC",https://t.co/AhM6DVRAtj,,,1
1692470149,linsey chamberlin,miss_linseylynn,Fri Aug 23 00:29:21 +0000 2013,721,871,71508,24469,21,,Christ follower | dog mom | sports are my life | true crime enthusiast (#murderino) | #TheOffice superfan | #Huskers #Nebrasketball #Duke #Heat #Royals #UFC,Nebraska,https://t.co/ZIKj7qikQT,,,0
4064180956,PantsuitPolitics,PantsuitPolitic,Thu Oct 29 00:08:09 +0000 2015,8252,4112,43373,34805,116,,@nkybeth + @bluegrassred = #podcast home of grace-filled political conversations. Authors of I Think You're Wrong (But I'm Listening),"Kentucky, USA",https://t.co/RoaE3myRiq,,,0
368510531,Paige Satterly,turnofthepaige,Mon Sep 05 19:16:13 +0000 2011,375,940,7255,5665,13,,"Graphic designer, photographer, theatre lover, cat owner, foodie wannabe, and wine obsessed.","Rochester, NY",https://t.co/c2MgA22dFr,,,0
28372341,monbid,monicabiddix,Thu Apr 02 16:51:23 +0000 2009,700,1088,9362,7400,30,,Tar Heel Born and Bred. Iowa State Director @JohnDelaney. Tweets are my own #GoHeels,"Des Moines, IA",https://t.co/WcEkGj23hV,,,0
11771512,Olivier Knox,OKnox,Wed Jan 02 20:58:16 +0000 2008,57599,3052,25088,116017,2099,,"Chief DC Correspondent, SiriusXM. Something retweets something something. Views here are my own, not my employer's. @whca guy. Instagram: OlivierKnoxSiriusXM","Washington, DC",,,,1
2575820101,Willie James Inman,WillieJames,Thu Jun 19 01:03:28 +0000 2014,986,1903,673,1968,19,,"@Newsy Politics Reporter |  Previously @FoxNews @Rockville11 @MyMCMedia @nhk_kokusai | @GeorgiaStateU @Ritsumeikan alum |✈️🌎 | 🚀🤓 |☕️❤️ | 
日本語を話します🇯🇵🗾","Washington, DC",https://t.co/eWcCQ5FwyW,,,1
3068108818,Every Child Matters in Iowa,ECMIowa,Tue Mar 03 15:59:01 +0000 2015,1649,1401,332,3634,29,,"We’re making Iowa kids a political priority • Program Manager @ApplegateJill • #ialegis • #childcare4all • Want to talk? DM us! • Nonpartisan, nonprofit","Iowa, USA",https://t.co/Opz1ntAgjS,,,0
1006157296563572736,Matthew Kolb,MatthewWKolb,Mon Jun 11 12:52:47 +0000 2018,130,654,3776,519,0,,"Proud Christian, American, and Iowan. Re-tweets DO equal endorsement unless otherwise stated","Iowa, USA",,,,0
108458394,Robyn Quintana,RockinRobynQ,Tue Jan 26 00:53:00 +0000 2010,260,256,1715,390,7,,Badass at nothing| Tiny minds tire me| Discovery is my fuel| Champion of others| Kindness aways| Outdoor life is my spa| Nap taker| Vineyard wanderer| #💙,,https://t.co/hVHKN1fAg7,,,0
23995748,The Root,TheRoot,Thu Mar 12 18:09:36 +0000 2009,497072,14471,5349,119668,6131,,The Root is a digital magazine that provides thought-provoking commentary and news from a variety of black perspectives.,"New York, NY",https://t.co/jiZkc7jNmo,,,1
877567250215182336,AmandΔ,HeyNowAMANDA,Wed Jun 21 16:41:51 +0000 2017,123,721,3163,1128,3,,Drinking Water and Working on my Craft #NCAT18 alumna 👩🏿‍🎓 #Journalist-ish 👩🏿‍💻 #NABJ #StandWithBennett,"New York, NY",https://t.co/990q7Opv1s,,,0
42389136,Reverend Al Sharpton,TheRevAl,Mon May 25 11:20:04 +0000 2009,569518,239,1099,27207,5435,,"Baptist Minister & Political, Civil Rights, and Social Justice Activist","New York, NY",https://t.co/oygOdFS074,,,1
2293099507,SiriusXM Urban View,SXMUrbanView,Wed Jan 15 18:24:29 +0000 2014,32687,1318,3183,58217,243,,"SiriusXM Urban View ch 126. 

Where Talk Empowers and Becomes Action.

Solutions from African-American perspective.   https://t.co/H3qwg05Lsx",,https://t.co/H3qwg05Lsx,,,1
860696467,Nekpen 🌊,NOsuan,Thu Oct 04 02:02:36 +0000 2012,512,462,1013,783,33,,"@WomenWerk CEO, Data Scientist & PMP, Fmr Deputy Campaign Mgr for Jumaane William, @Forbes contributor, @NYU & @Columbia Adjunct. Tweets are my opinion",New York,https://t.co/upWLQNNIyq,,,0
945745755339411460,Velshi & Ruhle,VelshiRuhle,Tue Dec 26 19:58:53 +0000 2017,23463,87,685,2449,173,,Velshi & Ruhle with @AliVelshi & @SRuhle airs Mon-Fri at 1pm ET. Also see Stephanie at 9am & Ali at 3pm.  Only on @MSNBC.,"Manhattan, NY",https://t.co/33Fo5LrQHn,,,1
1010347979449012225,dinadesalvoAR,DinadesalvoA,Sat Jun 23 02:25:04 +0000 2018,174,571,16716,5644,0,,Patriotic American Episcopalian Democrat. I love our Constitution & love thy neighbor as thyself.,"Arkansas, USA",,,,0
201790336,Marc Fortier,MarcNBCBoston,Tue Oct 12 16:41:04 +0000 2010,8132,7564,6076,43392,343,,"Director of Integrated Media for @NBC10Boston, @necn & @TelemundoBoston, past president of the New Hampshire Press Association.",NH/MA,https://t.co/PH24IBSNM7,,,1
949934436,Tom Steyer,TomSteyer,Thu Nov 15 15:28:50 +0000 2012,235197,946,2459,7519,2320,,"Founder of @NextGenAmerica & @Need2Impeach. Working to ensure that every family shares the benefits of economic opportunity, education, and a healthy climate.","San Francisco, CA",https://t.co/yFMN3nV7tz,,,1
3197897407,Ahmed Elsayed,ahmedelsayed_NJ,Sat May 16 20:51:23 +0000 2015,116,1872,662,103,7,,Former Deputy Press Secretary for @JohnDelaney 2020/ Rutgers alum/ opinions are my own,"Washington, DC",,,,0
353272992,SiriusXM Progress,SXMProgress,Thu Aug 11 20:31:25 +0000 2011,11756,630,5738,19139,197,,SiriusXM Progress 127 - THE Home Of The Resistance! #Resist #GetWoke | Opinions here do not represent those of SiriusXM,New York,https://t.co/dHKsJlwvTO,,,1
188343397,Julia La Roche,SallyPancakes,Wed Sep 08 14:20:52 +0000 2010,16389,6297,5837,13971,459,,Reporter @YahooFinance | @BusinessInsider & @CNBC alum | Southerner | Tar Heel | Equestrian | Miss New York US 2014 | laroche@oath.com https://t.co/gaSj1TbwaD,"New York, New York",,,,0
261898816,Carrie Healey,CarrieHeals,Sun Mar 06 23:07:02 +0000 2011,1108,850,1995,7438,22,,"Deputy Communications Director @JohnDelaney for President | Formerly @AOL, @thegrio, @msnbc","Washington, DC",,,,1
895320143609442305,Matt Chilliak,MChilliak,Wed Aug 09 16:25:31 +0000 2017,182,258,7587,505,3,,NH Regional Field Director with  @JohnDelaney 2020. @MAYoungDems board member. @Usask alum. Former @Usask_NDP prez & @SaskNDPyouth exec. I write too.,,,,,0
1032325968378126336,SignalBoost,SignalBoostShow,Wed Aug 22 17:57:45 +0000 2018,1664,127,120,516,13,,Hosted by Zerlina Maxwell & Jess McIntosh every Monday - Friday LIVE noon - 1 PM Eastern on Sirius XM ch. 127,"New York, USA",,,,0
19546277,Yahoo Finance,YahooFinance,Mon Jan 26 17:44:44 +0000 2009,857622,834,2798,217398,10905,,"The planet’s biggest business news platform: https://t.co/BRValVvylE

Get the free Yahoo Finance app ⬇️","New York, NY",https://t.co/3na8DjYVs3,,,1
208248731,Saqib Ul Islam,SaqibIslam,Tue Oct 26 23:01:53 +0000 2010,9580,2709,7158,33042,134,,Its all about Storytelling| Hostٴ-Reporter|Multimedia Journalist @voanews @urduvoa |Info.Sec:Pakistani American Press Assn.|Rambler-Actor @Ajokatheatre |Rts≠END,Washington-Islamabad-DC,https://t.co/W0qLZ8HPbU,,,1
12409812,Georgetown Alumni,GUAlumni,Fri Jan 18 18:41:23 +0000 2008,12811,559,7154,14743,170,,"Follow us for Georgetown Alumni news, events & offers! Tweets by alumni & staff at Georgetown Advancement. Hoya Saxa! _x000d_
On Facebook: http://t.co/PDmbGNMfOt","Washington, DC & Worldwide",https://t.co/EeD0ddTKwS,,,1
35745067,Chris Ryan,wkxlnhchris,Mon Apr 27 13:49:35 +0000 2009,1830,353,822,12008,67,,"GM @wkxlnh. Host of NH Now. VP of @rockonfdn. Covered 5 NH Primaries, 7 World Series, 7 SC Finals, 4 NBA Finals and 3 Super Bowls. 1+1=3","Concord, NH",https://t.co/9zhO6zYjvh,,,0
132254964,Alana Austin,alana_austin,Mon Apr 12 18:40:15 +0000 2010,2249,1428,1838,18810,137,,Washington Correspondent for @GrayDCnews covering the White House & Congress for 91 TV markets | Proud Tar Heel 🐏 & rescue dog mom 🐶,"Washington, DC",https://t.co/PGNBmX0usv,,,1
43277789,Kennedy,KennedyNation,Fri May 29 05:13:21 +0000 2009,326895,8560,23031,20653,1940,,Host of Kennedy on Fox Business Network; Author The Kennedy Chronicles: The Golden Age of MTV Through Rose Colored Glasses,Los Angeles/NYC,https://t.co/bfM3iji7VB,,,1
1042778962307502080,WONK-FM,wonkfm,Thu Sep 20 14:14:13 +0000 2018,292,2138,98,1183,6,,SMART PEOPLE. NEWS. The official Twitter for #Washington's WONK-FM. @imalexandralane @StacyLynNews,"Washington, DC",https://t.co/dUyjNQHXhL,,,0
2848774011,The Octavian Report,OctavianReport,Tue Oct 28 20:49:49 +0000 2014,1116,143,156,1566,23,,"Ideas, analysis, and concrete intelligence from the world’s foremost experts. We seek actionable insights to help you navigate our complex world.",,http://t.co/AqsNKpIiv7,,,0
1855421197,Richard Hurowitz,RichardHurowitz,Wed Sep 11 20:35:16 +0000 2013,2387,1421,2854,7315,67,,"Investor. Entrepreneur. Writer. Publisher.

http://t.co/JiQaLLH5wN","New York, NY",https://t.co/lpBUHY3O5k,,,1
1017637447,Moms Demand Action,MomsDemand,Mon Dec 17 14:52:28 +0000 2012,241661,10516,28034,35186,1820,,Join our grassroots movement of Americans demanding reasonable solutions to address our nation’s culture of gun violence. @MomsDemand is a part of @Everytown.,USA,https://t.co/U0ZLk1Xh2Z,,,1
1032749553282297856,SFChronicle Opinion,sfc_opinions,Thu Aug 23 22:00:55 +0000 2018,446,332,10,1284,7,,"Opinions and insights from the @sfchronicle Editorial Board, giving a voice to the Bay Area.","San Francisco, CA",https://t.co/qMZRgRVqZF,,,0
3353220134,Pat Ward,WardDPatrick,Wed Aug 26 23:04:21 +0000 2015,7239,1381,25027,22490,176,,"Fox News Producer. Former: @FoxNewsSunday, 2016 Embed. I like Tom Brady better than I like you. Opinions/bad jokes are my own.","Annapolis, MD via Canton, MA",https://t.co/SJT1qsBZzA,,,1
275686563,The Verge,verge,Fri Apr 01 19:54:22 +0000 2011,2541734,160,1480,158217,36456,,https://t.co/W2SFxIXkC4 covers life in the future.,New York,http://t.co/W2SFxIXkC4,,,1
25341604,Anne Rice,AnneRiceAuthor,Thu Mar 19 17:18:58 +0000 2009,187438,371,348,35773,3354,,"Author of The Vampire Chronicles, The Lives of the Mayfair Witches and many others.",Southern California,http://t.co/PsuVz4OjGs,,,1
258978932,Cheyenne Haslett,cheyennehaslett,Mon Feb 28 22:33:04 +0000 2011,773,1117,2140,2498,28,,"campaign reporter for @ABC News, following the road to 2020. Lessons learned from @hartfordcourant, @wnyc & the OG @the_dailycampus",,https://t.co/gr2Txwd1oE,,,1
14659030,Johns Hopkins | SAIS,SAISHopkins,Mon May 05 12:55:18 +0000 2008,28826,386,1847,18117,694,,Johns Hopkins School of Advanced International Studies: Innovative thinkers and problem-solvers confronting complex global challenges,D.C./Bologna/Nanjing,http://t.co/ccpZvBbP6t,,,0
107120201,MSNBC Public Relations,MSNBCPR,Thu Jan 21 16:18:30 +0000 2010,11931,583,107,6786,318,,"The official Twitter feed of @MSNBC Public Relations. Follow us for the latest news, exclusives & a behind-the-scenes look at MSNBC.",,https://t.co/hmQONSQz0v,,,1
42264692,St. Ambrose University,stambrose,Sun May 24 19:19:43 +0000 2009,4979,233,1103,4577,54,,"Official account for St. Ambrose University. Grounded in liberal arts, academic excellence, social justice and service since 1882. #SAUBees","Davenport, Iowa",https://t.co/UcGaP1JH72,,,0
2308978855,Libby Meyer,libmeyer,Fri Jan 24 21:13:39 +0000 2014,627,494,1162,2081,30,,"Now: Federal Reporter for @IAStartingLine. Then: State and Federal Government reporter in Burlington, Iowa, for @TheHawkEye. @Monmouth alum","Fort Madison, IA",,,,0
251259265,Jeff Link,linkiowa,Sat Feb 12 19:33:05 +0000 2011,2239,2613,3668,10634,68,,"Burlington Native, interested in golf, politics, law, advertising, analytics and predictive modeling",Des Moines,https://t.co/KRwRetbfNx,,,0
163589845,Kevin Robillard,Robillard,Tue Jul 06 20:17:45 +0000 2010,21246,2594,10931,43735,988,,"Senior political reporter @HuffPostPol. Grew up @Politico and @thedbk. Maryland Terrapin, Massachusetts native. kevin.robillard@huffpost.com",DC,,,,1
348063877,Iowa RFA,iowafuel,Wed Aug 03 20:30:35 +0000 2011,2630,1061,1783,7502,83,,IRFA brings together Iowa ethanol and biodiesel producers to foster the development and growth of the state’s renewable fuels industry. RTs ≠ endorsements.,,http://t.co/81YIyCSMqA,,,0
1616436882,John Vitti,GlobeVitti,Wed Jul 24 00:57:15 +0000 2013,464,1017,2396,2397,12,,"Editor, writer at Boston Globe since 1999 (plus there's teaching journalism in Watertown schools, #SXSWEDU, 1776, SCTV, superheroes, steampunk, Nothing Special)","Watertown, Mass.",,,,0
1107072318,Blake Tyler,blake_tyler94,Sun Jan 20 19:25:32 +0000 2013,384,877,8210,6890,3,,Current: Team @JohnDelaney Past: @HFA @JoyceCraigNH @GoodForFlorida Diehard @LFC fan,,,,,0
222162171,NH Journal,NewHampJournal,Thu Dec 02 16:48:11 +0000 2010,4400,1991,8,8276,142,,"http://t.co/ua94XkBaAF is an online news publication dedicated to providing fair, unbiased reporting on, and analysis of, political news of interest to NH.",The Granite State,http://t.co/IfeHl8X7Xg,,,0
74829020,Machinists Union,MachinistsUnion,Wed Sep 16 20:28:33 +0000 2009,18699,1927,4293,15675,342,,"The International Association of Machinists & Aerospace Workers. 600,000 people making North America move. Stay in touch: https://t.co/gcgPb2FbNc",U.S. & Canada,,,,1
237886660,Ian Kullgren,IanKullgren,Thu Jan 13 21:38:30 +0000 2011,6309,2134,4552,9705,347,,"@Politico reporter covering workers, immigration and the economy. @Oregonian alum &✋🏻expat. ikullgren[at]https://t.co/PPMyQsPlIg; DM for Signal.","Washington, DC",https://t.co/1jXU4VpgZj,,,1
22163983,Justin Cross,FakeJustinCross,Fri Feb 27 17:28:40 +0000 2009,38810,40700,2758,6939,93,,"My name has appeared in @GQMagazine, @Playboy, @CBS, @TimeOut, @KCRW and on various bathroom walls. Host of https://t.co/wVyDG9jgio 🎧. justinnewspod@gmail.com",A liberal bastion,https://t.co/JEHkXeOAm1,,,0
81582754,Patrick Williams,tweetpwilliams,Sun Oct 11 12:21:24 +0000 2009,58,49,55,520,2,,,,,,,0
2149805262,Chris #EqualityAct Hyman 🌈🇺🇸,chrisehyman,Tue Oct 22 22:20:22 +0000 2013,8327,8644,101451,55158,3,,"Mom. Teacher. Activist • Wherever life plants you, bloom with grace• #GeeksResist #FlipMOBlue #LGBTvoices🏳️‍🌈 she/her/hers•NoLists or DMs",GeeksResist HQ - Midwest ,https://t.co/AF1gbNeaRA,,,0
32673051,stephanie kotuby,stephaniekotuby,Sat Apr 18 00:00:30 +0000 2009,2124,998,5163,5007,57,,"senior editorial producer, pbs @newshour. @SHO_TheCircus, @bpolitics & @cnn alumna.",inside the beltway,https://t.co/MUiamBtq28,,,0
14437914,PBS NewsHour,NewsHour,Fri Apr 18 21:57:17 +0000 2008,1010150,125057,14476,153606,14355,,PBS NewsHour is one of the most trusted news programs on TV and online.,"Arlington, VA | New York, NY",https://t.co/MUiamBtq28,,,1
869674669712035840,MerrimackCountyDems,MerrimackCoDems,Tue May 30 21:59:33 +0000 2017,288,432,459,191,1,,The Merrimack County Dems are #TeamBlue. We support all Democrats running for office and do not take sides in contested Democratic Party Primaries.,"New Hampshire, USA",https://t.co/nYx0qDbVtU,,,0
613211364,Timothy T. Egan,OmgEgan,Wed Jun 20 04:30:43 +0000 2012,418,387,1725,1558,7,,Media analyst & cultural philosopher for 50 years now. Creative economy advocate. Video a specialty. Education a priority. Family a necessity. Hiking a hobby.,"Sugar Hill, NH",https://t.co/MyQRq92H2d,,,0
23519713,Thomas Roy,tomroyphoto,Mon Mar 09 23:02:15 +0000 2009,222,42,160,539,13,,"Photojournalist, with the NH Union Leader, newspaper. Adjunt Professor at Manchester Community College.",NH,,,,0
15675138,CSPAN,cspan,Thu Jul 31 14:29:10 +0000 2008,1955622,8860,1441,40070,13864,,Capitol Hill. The White House. National Politics.,"Washington, D.C.",https://t.co/L3A4afzX6T,,,1
12011422,Brian Lehrer Show,BrianLehrer,Wed Jan 09 03:39:43 +0000 2008,60945,1082,10809,58820,1746,,"@WNYC radio host with conversations that matter. Live 10-12 ET, online always. Tweets signed BL are from Brian, unsigned from his awesome team. Cover 📷: AP","New York, NY",https://t.co/wwMlcHT7IP,,,1
15766082,Josh Rogin,joshrogin,Thu Aug 07 17:17:22 +0000 2008,204677,13748,8984,43176,3801,,"Columnist - Washington Post, Political Analyst - CNN, Instagram - @joshrogin","Washington, DC",https://t.co/hJMzKbvjIe,,,1
243773880,Youth INC,YouthInc_NYC,Thu Jan 27 19:49:10 +0000 2011,1056,790,2662,2114,33,,Transforming the lives of NYC kids through our unique venture philanthropy model that empowers the nonprofits that serve them.,"New York, NY",http://t.co/AVuLWra7dS,,,0
4808402532,Henry Rodgers,henryrodgersdc,Sun Jan 24 17:11:07 +0000 2016,12567,983,33686,11790,136,,Congressional Correspondent. @DailyCaller. Retweets Are Not Endorsements. DM For Signal. Tips: hrodgers@dailycaller.com,"Washington, DC",https://t.co/5BQdvbFzIL,,,1
941621922130989056,Brian Mahoney,BCpresident0718,Fri Dec 15 10:52:15 +0000 2017,1004,31,2198,620,0,,"Father to Brendan, Patrick and Cameron.  Husband to Amy.  Proud to be the President of Bergen Catholic High School","Oradell, NJ",https://t.co/njhDJxQ6Gw,,,0
80069355,Techonomy,techonomy,Mon Oct 05 16:52:10 +0000 2009,10693,2526,2619,8397,649,,We believe technology is indispensable for business and social progress. We host conferences and create content to explain the impact. #Techonomy19,"New York, NY",http://t.co/jhQLOZgBkw,,,0
474464413,IJR,TheIJR,Thu Jan 26 01:06:41 +0000 2012,121623,7016,1856,44693,1644,,"Independent Journal Review (IJR). 
Experience the News.",,https://t.co/RdnXJfMw4H,,,1
908437693176123393,Bo FOX42,BoFOX42,Thu Sep 14 21:09:58 +0000 2017,156,143,514,809,3,,Chief Photographer for @FOX42KPTM in Omaha.,"Omaha, NE",https://t.co/vBeYd4GF2e,,,0
2174393299,The Reliable Source,reliablesource,Mon Nov 04 16:56:26 +0000 2013,3532,1133,516,7517,103,,The Washington Post’s @helena_andrews and @emilyaheil dish on D.C. VIPs and the city’s hottest gossip. Send your tips to reliablesource@washpost.com,"Washington, DC",http://t.co/wHFkIg6dVS,,,1
390967705,Progress Iowa,ProgressIowa,Fri Oct 14 20:49:11 +0000 2011,6091,1654,3499,18485,130,,Bold. Proud. Progressive. Join us in the fight for #OurIowa! #ialegis #iagov #whycourtsmatter #1u #saveiaworkers,"Des Moines, IA",https://t.co/HiIIAqfQti,,,0
36890646,Dan Merica,merica,Fri May 01 05:21:55 +0000 2009,75111,2501,826,32814,1963,,Political Reporter for @CNN. Covering the 2020 elections. @BentleyU & @AmericanU grad. Nats fan. dan.merica@cnn.com,"Washington, D.C.",https://t.co/MJqdxt0suW,,,1
14957147,The Young Turks,TheYoungTurks,Fri May 30 19:07:59 +0000 2008,367791,10611,11378,84755,6031,,Hosted by @CenkUygur & @AnaKasparian. Watch #TYTLive weeknights at 6pm eastern  https://t.co/IiyyhHmpyp,"Los Angeles, CA",https://t.co/2udwUBlnLX,,,1
2888303193,Jackson Brown,Dreamwarrior5k,Sat Nov 22 21:13:39 +0000 2014,645,956,1737,4965,4,,Massachusetts Moms Demand Action Gun Owners Spokesperson and Gun Safety Advocate. Views are my own and may not reflect those of Moms Demand Action.,Momsdemandaction.org,,,,0
18993104,Devin Dwyer,devindwyer,Wed Jan 14 20:13:48 +0000 2009,8084,713,436,4929,450,,"Senior Washington Reporter. Anchor of ""The Briefing Room"" on @ABCNewsLive. RTs not = endorsement.","Washington, DC",https://t.co/auyVdVpHyh,,,1
796532276171567104,Brittany Shepherd,blrshepherd,Thu Nov 10 01:57:48 +0000 2016,4885,1230,56173,18232,100,,National politics reporter for @YahooNews. Big Millennial Energy. brittany@yahoonews.com,"Washington, DC",https://t.co/3slMgUo6NV,,,1
887704019296276482,J.D. Scholten,JDScholten,Wed Jul 19 16:01:45 +0000 2017,107499,97901,17457,4197,468,,Iowa born and raised. Former ⚾️ player & 2018 Democratic candidate for Congress against Steve King in #IA04.      Board member of @_OneCountry_,"POB 3531 Sioux City, IA 51102",https://t.co/omZPq72UiX,,,0
949004138620309504,Noah Barker (D-SC),the_noah_barker,Thu Jan 04 19:46:33 +0000 2018,506,755,13663,834,1,,78th Governor of Palmetto Boy’s State | PC ‘23 | James Smith for Governor Alum,"Lugoff, SC",https://t.co/KR6gr2Vjyh,,,0
4913353622,Daybook,DaybookJobs,Mon Feb 15 23:55:40 +0000 2016,6392,3778,4,10589,45,,"Political, Policy, Government Affairs and Non-Profit Jobs",,https://t.co/nPjjLDln37,,,0
429227921,Cenk Uygur,cenkuygur,Mon Dec 05 18:27:28 +0000 2011,383517,987,3306,22891,4790,,Host of @TheYoungTurks the largest online news show in the world. Founder & CEO of @TYT,Los Angeles,https://t.co/Gm9qQzoCUk,,,1
183767243,AJC,AJCGlobal,Fri Aug 27 21:09:31 +0000 2010,122262,621,2773,17123,767,,"American Jewish Committee (AJC) works to enhance the wellbeing of the Jewish people & Israel, & to advance human rights & democratic values around the world.",Global Jewish Advocacy,https://t.co/RKot8l2aje,,,1
344864408,SiriusXM P.O.T.U.S.,SXMPOTUS,Fri Jul 29 18:14:14 +0000 2011,15101,564,178,5298,135,,Politics of the United States for the People of the United States SiriusXM Channel 124.  Retweets are not agreement or endorsement.,Washington DC,https://t.co/RbHvOmq40L,,,1
39528744,Mike Hiday,mhiday,Tue May 12 15:59:06 +0000 2009,2251,2077,2039,10387,109,,"Marketing, Social, Graphic Design & Superheroes. Plus random nerdy stuff. All tweets are my own. You can't have them. Ok, maybe just one.","Dayton, Ohio",http://t.co/qHnsRGG79E,,,0
701725963,NowThis,nowthisnews,Tue Jul 17 20:31:08 +0000 2012,2353354,12234,12623,125718,9299,,Stories that move. Send us your tips: contact@nowthismedia.com,The Internet & NYC,http://t.co/1NLX7sJ52o,,,1
546247295,Zach Montellaro,ZachMontellaro,Thu Apr 05 20:06:18 +0000 2012,3985,1158,8868,8914,181,,Campaign reporter & Score author at @POLITICO. Nothing you say will upset me more than the Mets. DM for my Signal or email me at zmontellaro[at]politico[dot]com,"Washington, D.C.",https://t.co/vbF5Qq0sL5,,,1
583051788,Brian Powers,bpowersphoto,Thu May 17 17:26:47 +0000 2012,1203,670,984,2167,58,,I like to ride bikes. Usually with my wife. Often with a camera and increasingly with our son. Staff 📸: @dmregister,"Des Moines, IA",https://t.co/wWomxx9ThS,,,1
76027332,Florida Democrats,FlaDems,Mon Sep 21 13:27:19 +0000 2009,67214,18193,4395,23439,1130,,The official Twitter account of the Florida Democratic Party. https://t.co/4fzJF29jku https://t.co/uVUbo4Zhum #DefeatTrumpFL,Florida,https://t.co/qHzbBUqJ7X,,,1
21258337,The View,TheView,Thu Feb 19 00:18:04 +0000 2009,762167,1528,12952,56698,3573,,"The place to be heard! Your comments/handle may be used by The View, i.e., being published online/on TV.

Buy our new 'View' mug and more: https://t.co/TYBbcL2Oaw",Weekdays 11e|10c|p on ABC,https://t.co/mToQBTQhqU,,,1
22785048,John Sinclair Foley,johnsfoley,Wed Mar 04 15:14:57 +0000 2009,5961,2278,767,3795,288,,"I'm the U.S. editor at Reuters Breakingviews. I got here via London, Beijing and Hong Kong. We write views not news; these are my own.",London,https://t.co/EyffOL4aYP,,,1
12794362,ReutersBreakingviews,Breakingviews,Mon Jan 28 18:14:54 +0000 2008,74865,3662,721,42744,2199,,The world's leading source of agenda-setting financial insight. Sign up for a free trial of our professional service at https://t.co/37aY1gBKWN,,http://t.co/SBUGNFp2f2,,,1
17877451,Meg Kinnard,MegKinnardAP,Thu Dec 04 20:21:03 +0000 2008,31847,1882,15131,30250,898,,@AP national politics reporter • Covering 2020 • Formerly at @NationalJournal • Hoya Saxa • @GeorgetownSFS • Memphis born & bred • This is my account.,"South Carolina, USA",https://t.co/5D5UPMObcp,,,1
22162854,Planned Parenthood Action,PPact,Fri Feb 27 17:18:45 +0000 2009,495978,2281,5949,45937,5346,,"Paid for in part by Planned Parenthood Votes, 123 William St., NY NY 10038. Not authorized by any candidate or candidate's committee.",USA,https://t.co/MwnKtaso7n,,,1
21104257,Sarah McCammon,sarahmccammon,Tue Feb 17 16:43:50 +0000 2009,54247,5208,32891,29452,1368,,"National Correspondent @NPR based in MidAtlantic/Southeast ~ Midwest roots ~ IG: sarahmccammonnpr ~ Covering abortion, religion & politics, other dividing lines","Virginia, USA",https://t.co/wdjAGezavN,,,1
605153786,"Leana Wen, M.D.",DrLeanaWen,Mon Jun 11 05:56:19 +0000 2012,71788,3511,4526,21329,937,,"President of Planned Parenthood Action Fund @PPact. Pres/CEO of @PPFA. Fmr Baltimore City Health Commissioner. Emergency physician, patient advocate, Eli's Mom.","Baltimore, MD",https://t.co/12CHSWECs1,,,1
2201169726,PredictIt,PredictIt,Mon Nov 18 11:52:11 +0000 2013,16043,12152,10929,18316,303,,"PredictIt is the stock market for politics. Make real-money predictions on everything from elections, Congress, Trump policies and the odds of impeachment.","Washington, DC",https://t.co/7XnjxBTEHE,,,1
8953122,PolitiFact,PolitiFact,Tue Sep 18 15:08:32 +0000 2007,637598,8146,2489,40849,11015,,Home of the Truth-O-Meter and independent fact-checking. Part of @Poynter. Sign up for our daily email https://t.co/bfN0WPdGhm.,"Washington, DC",https://t.co/DPzWZ42N71,,,1
241201438,Bakari Sellers,Bakari_Sellers,Fri Jan 21 18:10:56 +0000 2011,210964,3709,13212,45971,1713,,Former SC House of Rep '06 - '14. Democratic nominee for Lt. Gov. '14. @CNN @StromLaw. Blocked by the most powerful man in the 🌎. https://t.co/uxL2xu6HuF,"Denmark, SC",https://t.co/ZR4qMXo4gZ,,,1
168531961,Noah Rothman,NoahCRothman,Mon Jul 19 16:32:51 +0000 2010,70768,1877,42867,8985,1881,,"Associate Editor @Commentary. MSNBC/NBC News contributor. Author ""Unjust: Social Justice and the Unmaking of America"" https://t.co/8PN276FhoX",New York City,https://t.co/H8DRQ6vyWQ,,,1
28713695,Kristin Donnelly,kristindonnelly,Sat Apr 04 01:58:15 +0000 2009,8321,1521,1637,11669,325,,"Senior Broadcast Producer, The Lead with Jake Tapper on CNN. Newsjunky interested in news that's not junk. RTs aren't endorsements. DC by way of NYC","Washington, DC",https://t.co/ZO4w7p9Ete,,,1
384910109,Kimberley Strassel,KimStrassel,Tue Oct 04 15:00:44 +0000 2011,269893,445,1231,4239,2208,,"Potomac Watch columnist for Wall Street Journal edit page. Order my bestseller, The Intimidation Game! https://t.co/hrbUb0pa72",,,,,1
381724050,CNBC Politics,CNBCPolitics,Wed Sep 28 20:38:57 +0000 2011,12472,190,51,9090,382,,Follow for the latest #Election2020 and political news.,"Washington, D.C.",https://t.co/PPMcgQzqnZ,,,1
50669520,Jason Johnson,DrJasonJohnson,Thu Jun 25 15:04:37 +0000 2009,73523,1389,13900,61435,1008,,"Politics / Journalism Professor @morganstateu 
Political Contributor  @MSNBC
Politics Editor @TheRoot
Contributor  @SIRIUSXM @uva BA & @UNC PHD","Atlanta, DC, NYC",https://t.co/8FcwrrE0aD,,,1
292594517,Scott Peters,ScottPetersSD,Tue May 03 22:25:55 +0000 2011,11250,1491,7640,5401,375,,"San Diegan, father, husband, enviro lawyer, Congress, urbanist. #CA52 #SDinDC #YIMBY #GoDuke #Padres Work acct: @repscottpeters","San Diego, IAD, DCA",https://t.co/Set5Pdk6pq,,,1
15901113,David Catanese,davecatanese,Tue Aug 19 05:42:52 +0000 2008,23877,5538,411,50029,1134,,Senior Politics Writer @USNews & World Report dcatanese@usnews.com Founder#TheRun Music lover: Kanye West fanboi/EDM explorer Jersey boy. Insta: davecatanese,"Washington, DC",https://t.co/RQZ2M0Xh4d,,,1
336188151,Labor Project,LaborProject,Fri Jul 15 21:52:45 +0000 2011,1606,960,406,12177,96,,Advancing work #family rights through the collective power of working people. #paidsickdays #paidleave #labor - in partnership with @FmlyValuesWork,"Washington, DC",https://t.co/cgZmYmZ0BO,,,0
384923143,Michael E. Mann,MichaelEMann,Tue Oct 04 15:28:26 +0000 2011,113157,1122,33443,85987,2866,,"Climate Scientist, Professor & Director of the Penn State ESSC; Author of Dire Predictions, The Hockey Stick & the Climate Wars, and The Madhouse Effect","Penn State University, PA",https://t.co/yBWgtAMCf0,,,1
31611298,Jim Himes,jahimes,Thu Apr 16 02:38:33 +0000 2009,83735,372,62,10046,1788,,Connecticut Congressman. Reader. Runner. Swimmer. Apiarist. And I make maple syrup.,CT and DC,https://t.co/bX3QkwNAXG,,,1
1652541,Reuters Top News,Reuters,Tue Mar 20 17:46:05 +0000 2007,20539113,1084,764,408195,118204,,"Top and breaking news, pictures, and videos from Reuters.",Around the world,http://t.co/BmHxhkm3Mh,,,1
205392468,Face The Nation,FaceTheNation,Wed Oct 20 19:37:47 +0000 2010,474216,1291,19,27773,2366,,"Moderated by @margbrennan of @CBSNews, we are America's premier public affairs program |  📸 IG: @facethenation","Washington, DC",http://t.co/mEuxzh5BbK,,,1
28785486,ABC News,ABC,Sat Apr 04 12:40:32 +0000 2009,14369270,537,39,256842,56423,,"All the news and information you need to see, curated by the @ABC News team. https://t.co/PKeobr4xt0 Tips: https://t.co/2ICEX6CuXd",New York City / Worldwide,https://t.co/7mnR2AtpOn,,,1
259395895,John Harwood,JohnJHarwood,Tue Mar 01 20:49:40 +0000 2011,279802,1577,3137,115659,5309,,"a Dad who covers Washington, the economy and national politics for CNBC. Find my Speakeasy interviews at https://t.co/1W6sZssXTB","Washington, DC",http://t.co/Y2lKsflFRI,,,1
102055261,Jessica Smith,JessicaASmith8,Tue Jan 05 13:04:50 +0000 2010,4072,3103,6749,22580,121,,@YahooFinance reporter covering DC through the lens of business. Wife to @Perry_TravisE. @Mizzou Tiger.  Lover of books & travel.,DC by way of Indianapolis,https://t.co/dHDHeDi7tu,,,1
1129428866500583424,Maya Krishna-Rogers,MKrishnaRogers,Fri May 17 16:50:00 +0000 2019,43,328,231,123,1,,@johndelaney // @mcgillu alum// sudoku enthusiast // taco connoisseur // opinions my own,,,,,0
