User Id,Name,Screen Name,Created At,Followers,Following,Favorites,Tweets,Lists,Language,Bio,Location,URL,Timezone,UTC Offset,Verified
25073877,Donald J. Trump,realDonaldTrump,Wed Mar 18 13:46:38 +0000 2009,61465162,47,7,42588,104719,,45th President of the United States of America🇺🇸,"Washington, DC",https://t.co/OMxB0x7xC5,,,1
822215673812119553,The White House,WhiteHouse,Thu Jan 19 22:54:27 +0000 2017,18683874,13,13,9389,10758,,Welcome to @WhiteHouse! Follow for the latest from President @realDonaldTrump and his Administration. Tweets may be archived: https://t.co/IURuMIrzxb,"Washington, D.C.",https://t.co/wyOVgSLgBV,,,1
818876014390603776,Melania Trump,FLOTUS,Tue Jan 10 17:43:50 +0000 2017,12032047,7,0,623,7745,,This account is run by the Office of First Lady Melania Trump. Tweets may be archived. More at https://t.co/eVVzoBb3Zr,"Washington, D.C.",https://t.co/9zG6ZvKVLm,,,1
18805644,FoxNewsSunday,FoxNewsSunday,Fri Jan 09 16:25:42 +0000 2009,258097,813,649,13615,3062,,Fox News Sunday with Chris Wallace,"Washington, D.C.",http://t.co/bHEAnMY75x,,,1
11134252,GOP,GOP,Thu Dec 13 17:15:41 +0000 2007,1928045,1660,279,34184,9201,,Join our team and get official updates from the Republican National Committee. ⬇️,,https://t.co/TuMeEDhfc4,,,1
4102376488,The Trump Train 🚂🇺🇸,The_Trump_Train,Tue Nov 03 05:07:18 +0000 2015,324344,156754,22248,24722,1523,,"Welcome to the #TrumpTrain, the greatest political movement in history. RT'd by @realDonaldTrump! *Pro-Trump fan account*",United States,,,,0
292929271,Charlie Kirk,charliekirk11,Wed May 04 13:37:25 +0000 2011,1137681,248863,26527,43849,4645,,"Founder & President of @TPUSA Proud capitalist. Best Selling Author. We are all sinners, saved by Jesus. Opinions here are my own.","Chicago, Illinois",https://t.co/ipaELfqIAB,,,1
1009306516514488321,The Office of President Moon Jae-in,TheBlueHouseENG,Wed Jun 20 05:26:40 +0000 2018,23415,1132,45,691,221,,"The official account of the Office of the President, the Republic of Korea. 청와대 트위터의 영문계정입니다. with @moonriver365 @thebluehousekr","Seoul, Republic of Korea",https://t.co/GFEmbLOYMH,,,1
468122115,安倍晋三,AbeShinzo,Thu Jan 19 06:02:29 +0000 2012,1421957,18,10,1671,11391,,"衆議院議員安倍晋三（あべしんぞう）の公式twitterです。 
Prime Minister of Japan. Leader of Liberal Democratic Party.",,http://t.co/hTEyS9iLvU,,,1
2897441,Enrique Peña Nieto,EPN,Thu Mar 29 21:37:03 +0000 2007,7415402,312,175,5538,11767,,Presidente de México 2012-2018. https://t.co/zYLzwNVTrO https://t.co/P5BlmQmr9G,México,https://t.co/8I1LKpovPW,,,1
818910970567344128,Vice President Mike Pence,VP,Tue Jan 10 20:02:44 +0000 2017,7547725,13,16,6663,9150,,"Vice President Mike Pence. Husband, father, & honored to serve as the 48th Vice President of the United States. Tweets may be archived: https://t.co/eVVzoBb3Zr","Washington, D.C.",https://t.co/8TGZjBkuaR,,,1
15416505,Gov. Mike Huckabee,GovMikeHuckabee,Sun Jul 13 17:09:21 +0000 2008,1332160,570,281,10826,10150,,"Host of ""Huckabee"" on TBN Sat/Sun 8pm et,Fox News contributor, author, Fmr AR Gov, Bass Guitarist, grandfather to 6 cutest kids in world!",United States,https://t.co/8vprJHGCJw,,,1
2353605901,Ronna McDaniel,GOPChairwoman,Thu Feb 20 18:05:28 +0000 2014,294864,2612,5728,10911,1889,,"@GOP Chairwoman | Wife, mother of two",,https://t.co/PURDnkBdAH,,,1
232901331,Dan Bongino,dbongino,Sat Jan 01 17:50:03 +0000 2011,1083845,652,53960,50945,4104,,Host of The Dan Bongino Show. Fox News Contributor.,"Florida, USA",https://t.co/eNhMvTGdKP,,,1
14344823,Senate Republicans,SenateGOP,Wed Apr 09 19:42:03 +0000 2008,810322,30092,1504,23997,7315,,News and updates from Republican senators and their staff. Chairman @SenJohnBarrasso.,"Washington, D.C.",https://t.co/LRez78SkoK,,,1
246500501,Geraldo Rivera,GeraldoRivera,Wed Feb 02 22:17:56 +0000 2011,288509,861,785,10260,2269,,"loving husband and dad, loyal friend, fierce enemy, patriot, kick ass reporter, proud JewRican",New York City,https://t.co/S2mJWiBvw9,,,1
39344374,Donald Trump Jr.,DonaldJTrumpJr,Mon May 11 21:18:33 +0000 2009,3639912,1332,12394,28862,10865,,"EVP of Development & Acquisitions The @Trump Organization, Father, Outdoorsman, In a past life Boardroom Advisor on The Apprentice",,https://t.co/2qPo57KgoO,,,1
66923871,PARIS,PARISDENNARD,Wed Aug 19 05:48:56 +0000 2009,63003,971,9501,31052,628,,GOP Commentator|Writer & Comms Strategist|Former Bush 43 @WhiteHouse & @GOP Staffer| @pepperdine grad|HBCU advocate| Member POTUS Commission on WH Fellows #MAGA,Washington DC,https://t.co/3Fj9hYrcZz,,,1
18005085,Mollie,MZHemingway,Tue Dec 09 22:44:12 +0000 2008,288204,1348,12350,91481,3043,,"Senior Editor, @FDRLST. Senior Journalism Fellow, @Hillsdale. Fox News Contributor.",Justice on Trial: The Kavanaugh Confirmation and the Future of the Supreme Court,https://t.co/JDWGFiqY5h,,,1
739610364975808513,Paul Sperry,paulsperry_,Mon Jun 06 00:10:27 +0000 2016,105021,4758,4,10982,925,,"Former D.C. bureau chief for Investor's Business Daily, Hoover Institution media fellow, author of several books, including bestseller INFILTRATION",Washington DC,https://t.co/DAzkcJGVm8,,,0
18266688,Tom Fitton,TomFitton,Sat Dec 20 14:32:44 +0000 2008,584233,3014,458,26932,2446,,"President, Judicial Watch. (These are my personal views only!)  Author, New York Times best seller Clean House. 
https://t.co/midr73gi0A","Washington, DC",http://t.co/ebnjxMYdbL,,,1
129235890,Lori Hendry,Lrihendry,Sat Apr 03 16:27:01 +0000 2010,274720,5201,127784,306455,2187,,Support PRESIDENT TRUMP •former radio co-host •Amateur Citizen Journalist •Views are my own #AmericaFirst #TRUMP2020 #KAG🇺🇸 NO FF trains.,,https://t.co/ft5y4ZcxFG,,,0
128146300,Caroline Kliby,SchnurreZueri,Wed Mar 31 06:52:29 +0000 2010,97,345,4272,19252,1,,RETWEETED BY POTUS 😯- Legal Immigrant in the 🇺🇸/ Supporting Veterans / MAGA / KAG / My opinion / No hate / All lives matter,United States,,,,0
27995424,John Cardillo,johncardillo,Tue Mar 31 23:35:52 +0000 2009,141067,1194,31464,87798,1628,,America Talks Live host on @Newsmax TV. #NYPD once upon a time. Opinion is mine. RT ≠ endorsement.,Florida ,https://t.co/q38YIg0sQ5,,,1
2417586104,Sebastian Gorka DrG,SebGorka,Sat Mar 29 15:31:11 +0000 2014,808184,3904,58088,55078,3729,,"Host of SALEM Radio’s #AMERICAFIRST 🔴 https://t.co/NOsRLTrT9l 🔴 Contributor: Sinclair TV, @theAmGreatness 🔴 Latest book: WHY WE FIGHT https://t.co/YEJZ3lck9D","Washington, DC",,,,1
17685258,Brad Parscale,parscale,Thu Nov 27 18:47:32 +0000 2008,297329,466,834,3817,2119,,Campaign Manager for @realdonaldtrump 2020 Presidential Campaign. It’s pronounced “Par” - “Scale”. I have the world’s best boss!,"Washington, DC",https://t.co/tCuRLgA6VU,,,1
166751745,Ryan Fournier,RyanAFournier,Wed Jul 14 22:44:56 +0000 2010,676698,334501,18922,11045,2383,,Political Commentator and Analyst - Chairman of @TrumpStudents - President of @XStrategiesDC - RF@xstrats.com,"Washington, DC & Raleigh, NC",https://t.co/XJraXBRLHe,,,1
732980827,CC,ChatByCC,Thu Aug 02 14:55:41 +0000 2012,289916,34022,125158,386069,1509,,President Trump loves America as much as I do. It’s our duty to leave our Country-to our children-better than we found it—Views are my own. #TRUMP2020,Trump’s America,https://t.co/UExPr8qv2o,,,0
2167674121,AMERICA IS UNDER SIEGE! 🇺🇸,CarmineZozzora,Fri Nov 01 03:24:23 +0000 2013,124259,34382,422455,449419,928,,America is worth saving. Donald Trump is our last chance. #MAGA @realDonaldTrump #NRA Life Member #2A #ΜΟΛΩΝΛΑΒΕ #WAR 🇺🇸#LockThemAllUp #pro-@Israel 🇮🇱,,,,,0
19739126,Kevin McCarthy,GOPLeader,Thu Jan 29 22:28:48 +0000 2009,295032,1378,1724,10494,3817,,Republican Leader and Representative of California's 23rd District in the House of Representatives.,"Bakersfield, CA",https://t.co/eB1lud6Yi3,,,1
38495835,Mark R. Levin,marklevinshow,Thu May 07 19:18:36 +0000 2009,1636382,3,0,19718,9192,,"THIS IS THE OFFICIAL MARK LEVIN SHOW TWITTER PAGE. 
DOWNLOAD MY PODCAST FOR FREE https://t.co/HUEgXS3l2C",Underground Bunker,http://t.co/YUs6HigZju,,,1
2863210809,David Perdue,sendavidperdue,Wed Nov 05 20:58:02 +0000 2014,65540,1009,534,3882,1321,,Official Twitter account for U.S. Senator David Perdue of Georgia.,Georgia,https://t.co/I3Xla8NlsK,,,1
264219447,Senator Roger Wicker,SenatorWicker,Fri Mar 11 14:59:01 +0000 2011,82936,360,1121,5086,1844,,Senior U.S. Senator for Mississippi. Chairman @SenateCommerce. Please visit my website for updates.,"Mississippi & Washington, DC",https://t.co/iD8pcNybj9,,,1
432895323,Lindsey Graham,LindseyGrahamSC,Fri Dec 09 22:21:03 +0000 2011,920448,2170,69,9686,5329,,The official Twitter feed for United States Senator Lindsey Graham.,South Carolina,https://t.co/bM2rOxm6ub,,,1
18915145,Rob Portman,senrobportman,Mon Jan 12 20:56:42 +0000 2009,137669,5009,413,15491,3073,,United States Senator from the Buckeye State.,Ohio,https://t.co/IR7Ky4qOaO,,,1
2964174789,Senator Thom Tillis,SenThomTillis,Tue Jan 06 14:22:18 +0000 2015,79729,4643,1381,4263,1608,,Official Twitter account of North Carolina U.S. Senator Thom Tillis.,"North Carolina, USA",https://t.co/mLVkKiULqh,,,1
15745368,Marco Rubio,marcorubio,Wed Aug 06 03:07:06 +0000 2008,3912188,2557,1651,11402,16192,,"Follower of Christ,Husband,Father,US Senator for Florida, #GatorNation & #FinsUp. Official tweets @SenRubioPress & Campaign tweets @TeamMarco",United States,https://t.co/xm4vZLmGV0,,,1
296361085,Senator John Thune,SenJohnThune,Tue May 10 16:41:48 +0000 2011,94043,326,54,5362,2273,,"U.S. Senator John Thune, South Dakota. Senate Republican Whip. Father. Grandfather. Husband. Avid Outdoorsman. Sports Fan.",,http://t.co/OiwOiAFGGw,,,1
963480595,Mark Meadows,RepMarkMeadows,Thu Nov 22 02:20:50 +0000 2012,319580,956,381,2731,2284,,"Businessman, husband, and father proudly representing North Carolina's 11th Congressional District. Chairman of @freedomcaucus.","Jackson County, NC",https://t.co/awcfuLCQk1,,,1
7270292,Jim Inhofe,JimInhofe,Thu Jul 05 14:39:13 +0000 2007,51966,348,91,1965,2152,,United States Senator from the great state of Oklahoma.,Oklahoma,http://t.co/MsjJPG2F5l,,,1
225921757,Sen. James Lankford,SenatorLankford,Sun Dec 12 20:33:07 +0000 2010,75483,487,432,6251,1832,,Serving the State of Oklahoma in the United States Senate,"Oklahoma and Washington, DC",http://t.co/TAadQSsJTA,,,1
18632666,Senator Jerry Moran,JerryMoran,Mon Jan 05 14:25:22 +0000 2009,95167,2939,881,5482,2191,,Official account of U.S. Senator Jerry Moran. Honored to represent Kansans in the U.S. Senate.,Kansas,http://t.co/CBA3beMHNs,,,1
382791093,Senator John Hoeven,SenJohnHoeven,Fri Sep 30 17:55:30 +0000 2011,90912,690,679,3447,1582,,Official account of U.S. Senator John Hoeven of North Dakota. Chairman of #Agriculture Appropriations & @IndianCommittee.,North Dakota,https://t.co/S1wB3GGEfX,,,1
2992440550,Senate Budget GOP,BudgetGOP,Thu Jan 22 15:59:24 +0000 2015,5464,351,2982,2103,207,,Official Twitter account for the Republican members of the Senate Budget Committee. Chaired by U.S. @SenatorEnzi of Wyoming.,,https://t.co/IZGA3RFFez,,,1
32626129,Kaya Jones,KayaJones,Fri Apr 17 22:25:42 +0000 2009,316379,17009,110580,60880,1546,,Christian✞ | Grammy Winning Vocalist |Platinum Recording Artist | Grammy Advocacy | Political Commentator | Actress | Model | Pussycat Doll | Influencer,America,https://t.co/iy8GW1Aj7r,,,1
45840174,Ken Paxton,KenPaxtonTX,Tue Jun 09 13:51:42 +0000 2009,41055,2105,506,6551,764,,Texas Attorney General Ken Paxton.  Follow @TXAG for official news from my office.,The Great State of Texas,,,,1
18166778,Rep. Jim Jordan,Jim_Jordan,Tue Dec 16 17:20:24 +0000 2008,592458,4295,851,3306,3606,,Proudly serving Ohio's beautiful fourth district. Ranking Member on @GOPoversight. Fighting to #DoWhatWeSaid,"Washington, D.C. ",https://t.co/wd2j7YpRZm,,,1
18247062,Judicial Watch 🔎,JudicialWatch,Fri Dec 19 18:04:57 +0000 2008,1136611,1961,1389,61940,5203,,"A conservative non-partisan educational foundation promoting transparency, accountability, & integrity in government. Follow us on FB & Instagram: judicialwatch","Washington, DC",https://t.co/JPjqvKy5es,,,1
50769180,Laura Ingraham,IngrahamAngle,Thu Jun 25 21:03:25 +0000 2009,2763926,364,2175,39087,12452,,"Mom, author, The Ingraham Angle 10p ET Fox News, podcast on @itunes & @podcastone.com, Retweets do not = Endorsements",DC,https://t.co/lnkE5EsSNQ,,,1
14410652,Club for Growth,club4growth,Wed Apr 16 17:41:38 +0000 2008,29513,11495,379,11287,682,,"Club for Growth and the Club’s PAC work for economic freedom, which creates prosperity. The Club educates and advocates. The Club PAC works to elect candidates.","Washington, DC",http://t.co/wEF8OWW5zn,,,1
620571475,Dan Scavino,DanScavino,Thu Jun 28 02:45:39 +0000 2012,535018,651,2940,10473,3478,,PERSONAL TWITTER HANDLE.,"Washington, DC✈️New York",,,,1
1074480192,Senator Ted Cruz,SenTedCruz,Wed Jan 09 18:11:37 +0000 2013,1245651,7005,397,10624,8414,,Representing the State of Texas in the United States Senate.,"Houston, Texas",https://t.co/9HWCyvsTvJ,,,1
49034507,RD,real_defender,Sat Jun 20 15:39:05 +0000 2009,23481,4580,1662,4389,287,,Physician / Surgeon / Conservative / Sports Fan / Proudly Retweeted by President Trump / Parler: @RealDefender,United States,,,,0
384910109,Kimberley Strassel,KimStrassel,Tue Oct 04 15:00:44 +0000 2011,269893,445,1231,4239,2208,,"Potomac Watch columnist for Wall Street Journal edit page. Order my bestseller, The Intimidation Game! https://t.co/hrbUb0pa72",,,,,1
842072478834909184,Sec. Sonny Perdue,SecretarySonny,Wed Mar 15 17:58:18 +0000 2017,58812,437,21,2646,557,,"31st Secretary @USDA. Husband, Father of 4, Big Buddy to 14 grandchildren. #Farmer, #Veteran, #Veterinarian, former two-term Gov. of GA.",,https://t.co/JAsBIE5HWA,,,1
10126672,U.S. Marines,USMC,Sat Nov 10 14:16:48 +0000 2007,1206593,219,1191,15010,6894,,"The official Twitter account of the United States Marine Corps. 

The appearance of links does not constitute endorsement.","Washington, D.C.",https://t.co/qoWkAdzU16,,,1
26487169,Lou Dobbs,LouDobbs,Wed Mar 25 12:39:59 +0000 2009,1950377,2079,13806,32172,5168,,"Lou Dobbs Tonight, Fox Business Network, 7 & 10 pm IG: https://t.co/Mqnxd3lgtA","New York, NY",https://t.co/mRPE2ZuJkU,,,1
818927131883356161,Sarah Sanders,PressSec,Tue Jan 10 21:06:57 +0000 2017,4016187,289,682,2599,8976,,@WhiteHouse Press Secretary. Proudly representing @POTUS Trump's Administration. Tweets may be archived: https://t.co/eVVzoBb3Zr.,"Washington, D.C.",https://t.co/wyOVgSLgBV,,,1
229141520,Steve Cortes,CortesSteve,Tue Dec 21 16:51:15 +0000 2010,32925,473,346,22830,471,,CNN Political Commentator. President Trump Hispanic Advisory Council. Happy warrior. Born for a storm...,“MAGA Country”,,,,1
52544275,Ivanka Trump,IvankaTrump,Tue Jun 30 22:32:03 +0000 2009,6575370,1395,1872,15576,21111,,"Wife, mother, sister, daughter. Advisor to POTUS on job creation + economic empowerment, workforce development & entrepreneurship. Personal Pg. Views are my own","Washington, DC",,,,1
9624742,Department of State,StateDept,Tue Oct 23 15:02:45 +0000 2007,5338894,463,26,60509,21446,,Welcome to the official U.S. Department of State Twitter account. Follow @SecPompeo for more from the Secretary of State.,"Washington, DC",https://t.co/eFqP1DyLiJ,,,1
729676086632656900,Official Team Trump,TeamTrump,Mon May 09 14:15:10 +0000 2016,1067717,49,2180,12644,2811,,"Welcome to Team Trump, the official Twitter for the Trump Campaign! Be sure to text ""TWITTER"" to 88022! Together, we will MAKE AMERICA GREAT AGAIN! 🇺🇸",USA,https://t.co/mZB2hymxC9,,,1
18956073,Washington Examiner,dcexaminer,Tue Jan 13 22:16:00 +0000 2009,164138,176,428,414188,3872,,Political news and commentary from the Washington Examiner. https://t.co/ou7lbgJSLh,"Washington, DC",http://t.co/yIzleEakTJ,,,1
271093564,Ryan Cale,rcale1776,Wed Mar 23 21:05:41 +0000 2011,5893,5872,14731,13746,42,,Love America-Pro Israel-Pro Life-#MAGA Trump Conservative-Dad-Uncle-@LibertyU Grad-Followed by @staceydash Retweeted by President Trump @realDonaldTrump,"Lynchburg,Va.",,,,0
15757578,Jim Hanson,Uncle_Jimbo,Thu Aug 07 00:59:34 +0000 2008,66543,7964,5645,87855,869,,"President, Security Studies Group & Former Army Special Forces Weapons ""Jim is the voice of reason""","Arlington, VA",https://t.co/uiP82tZwrg,,,1
19400611,Charles V Payne,cvpayne,Fri Jan 23 16:21:40 +0000 2009,363682,16179,1584,87740,2128,,"Trying to make sense of this world while becoming the man my mother raised- I give a damn, love my family and country...and making people $$$$",New Jersey & New York,http://t.co/hxcYA9YVjH,,,1
2836421,MSNBC,MSNBC,Thu Mar 29 13:15:41 +0000 2007,2505564,636,672,169503,22550,,"The place for in-depth analysis, political commentary and informed perspectives.",,https://t.co/5TAF6ijWwt,,,1
1080894931311431682,Rep. Dan Crenshaw,RepDanCrenshaw,Thu Jan 03 18:33:28 +0000 2019,354109,102,5,285,838,,Proudly representing Texas's Second Congressional District,"Houston, TX",https://t.co/pvr2a52IbJ,,,1
34367582,Tim Young,TimRunsHisMouth,Wed Apr 22 19:20:20 +0000 2009,220240,84895,31275,19487,1067,,"Political Comedian, Author, Host, @fox5dc contributor |
'Tim runs his mouth' -My mom... and 1000s of trolls who have plagiarized her 

Contact: tim@timyoung.com","Washington, DC",https://t.co/oYNHG0H5Ot,,,1
22203756,Mike Pence,mike_pence,Fri Feb 27 23:04:51 +0000 2009,3836255,979,721,5738,8436,,Vice President of the United States,,https://t.co/mZB2hymxC9,,,1
1249982359,Leader McConnell,senatemajldr,Thu Mar 07 20:21:15 +0000 2013,900887,103,73,3644,4315,,U.S. Senate Majority Leader Mitch McConnell,"Washington, DC",https://t.co/J5RQpHiTgo,,,1
343958195,David M. Friedman,USAmbIsrael,Thu Jul 28 10:12:17 +0000 2011,90296,573,1833,257,849,,"U.S. Ambassador to Israel, David M. Friedman",Israel,https://t.co/hxD7xUCIrH,,,1
119837703,Chuck Ross,ChuckRossDC,Thu Mar 04 20:00:53 +0000 2010,89098,281,8058,52567,1096,,Reporter at The Daily Caller News Foundation -- email tips securely to chuck.ross@protonmail.com,,https://t.co/hXbunu1TI5,,,1
816652616625168388,Rep Andy Biggs,RepAndyBiggsAZ,Wed Jan 04 14:28:51 +0000 2017,23889,1228,3610,5591,564,,Representing Arizona's Fighting Fifth.,"Arizona, USA",,,,1
866725756025667584,CEA,WhiteHouseCEA,Mon May 22 18:41:38 +0000 2017,10346,30,21,732,165,,Council of Economic Advisers | Tweets may be archived: https://t.co/ALEV9E9onn,"Washington, DC",https://t.co/sPbfOAv1K8,,,1
347627434,"Linda Suhler, PhD",LindaSuhler,Wed Aug 03 03:00:30 +0000 2011,386620,53799,15462,351246,2141,,I support PRESIDENT Trump! America First Christian supports Family~Constitution~Capitalism~NRA~ Military~Police~Israel~ #Trump2020 *My views are solely mine*,USA,https://t.co/UExPr88TDO,,,0
2908170952,Diamond and Silk®,DiamondandSilk,Sat Dec 06 18:49:06 +0000 2014,1142811,46,3163,10325,3018,,"President Donald J Trump's Most Loyal Supporters. Host of D&S Chit Chat Live. Vloggers, Fox Nation Host, Public Figures & Speakers. 
https://t.co/17S7rQtlYU",United States,https://t.co/xdbTGlyGDv,,,1
751552860303683584,👠IStandWithTrump ⭐️⭐️⭐️ClearFlynnNow,superyayadize,Fri Jul 08 23:05:39 +0000 2016,64583,64799,357509,398668,22,,"Hard to categorize but I'll try. Forgiven sinner, support constitution, acerbic, informed conservative🎗Vets💙LEOs ♦️Retweeted by @realDonaldTrump #TheMighty200",Libs’ Nightmares,,,,0
4765364386,Chuck Callesto,ChuckCallesto,Sun Jan 10 15:12:40 +0000 2016,207036,163409,1456,18332,382,,Father and Former Candidate for Florida's 3rd Congressional District. | #FLO3 | Digital Real Estate Manager | Looking hard at #2020,"Florida, USA",https://t.co/jELm8SJs5P,,,1
65120930,⭐️⭐️⭐️VB🇺🇸Nationalist,vmbb12,Wed Aug 12 18:46:28 +0000 2009,15529,6414,51596,88604,11,,🇺🇸#RetweetedbyPresidentTrump #FollowedbyGeorgePapadopoulos          #JesusChristSavior 🕊#RomanCatholic☦️ #CAJUN🦞🦞 🇺🇸#Q🐸🇺🇸 #WWG1WGA🇺🇸,,https://t.co/oRT3seWTK5,,,0
971958708904308736,Timothy Miller Retweeted by President DJT👮🚨🇺🇸,LonewolfA61,Fri Mar 09 03:59:49 +0000 2018,9873,9616,100041,154668,10,,Add me to train or list=🚫independent living in Vermont #KAG #MAGA U run trains don't follow me Not For Sissys UNFILTERED🚨🚨🚨🚨Duke 🐕 🏁🏁🏁🏁🏁🏁 🚨🚨🚨🚨🚨,"Burlington, VT 🌲🌳🌲🌳🌲🌳",,,,0
25202268,Sara A. Carter,SaraCarterDC,Thu Mar 19 01:02:12 +0000 2009,727422,4554,22446,23116,3063,,"@FoxNews Contributor, award winning National Security/War Correspondent. @IWF Fellow. Taking back the story. Follow me on Instagram ScarterDC","Washington, D.C.",https://t.co/SZ0zbfRggH,,,1
592730371,Jack Posobiec 🇺🇸,JackPosobiec,Mon May 28 13:31:22 +0000 2012,490968,961,97018,92275,4096,,@OANN Host. Catholic. Navy intelligence officer. Nationalist conservative. GTMO Vet. Bio: https://t.co/d2XEDZza9s,"Washington, DC",https://t.co/o6qMWKI1gN,,,1
816037407015378944,William Craddick,williamcraddick,Mon Jan 02 21:44:13 +0000 2017,18094,119,5083,7789,238,,Founder - Disobedient Media,,https://t.co/xJsAdAEXab,,,0
16473752,Brian McNally,bmcnally14,Fri Sep 26 20:08:25 +0000 2008,21070,1501,17212,45338,963,,"Capitals + more for @NBCSWashington  All things DC sports. Terp. Purple Eagle. 2012 NSMA Washington, D.C. sportswriter of year","Washington, D.C.",https://t.co/BTtlrhyRst,,,1
398098355,Philip Pritchard,keeperofthecup,Tue Oct 25 15:36:56 +0000 2011,148926,340,135,3395,1264,,"The Hockey Hall of Fame's Keeper of the Cup posts stories of life on the road with the Stanley Cup. 
Follow along on Instagram @travelswithstanley",Where the Stanley Cup goes!,https://t.co/JZ4ZZiLDRB,,,1
22805792,Scott Abraham,ScottABC7,Wed Mar 04 17:44:59 +0000 2009,14690,769,1588,81564,112,,"Father, Husband & @ABC7News Emmy Award Winning Sports Reporter/Anchor. Views & Opinions are my own. Retweets are not endorsements. Syracuse University Alum.","Washington, DC",https://t.co/OAEtsUqwJf,,,1
890299413578620932,Zachary Porter,ZacharyIvanPor1,Wed Jul 26 19:54:55 +0000 2017,13853,14244,59488,45061,29,,Father. American patriot. Christian. Conservative. #AMERICAFIRST. #1A. #2A #MAGA. I created this account so I could follow and support PRESIDENT #TRUMP,"Georgia, USA",,,,0
823367015830323201,Dan Scavino Jr.🇺🇸,Scavino45,Mon Jan 23 03:09:28 +0000 2017,381419,819,1006,3994,2187,,"Assistant to President @realDonaldTrump, Director of Social Media @WhiteHouse🇺🇸 Personal Twitter: @DanScavino",1600 Pennsylvania Avenue ,https://t.co/wyOVgSLgBV,,,1
56561449,Jesse Watters,JesseBWatters,Tue Jul 14 01:23:16 +0000 2009,901402,1032,15580,10555,2564,,Co-Host of @TheFive & Host of @WattersWorld on Fox News Channel. Speaking engagements here https://t.co/jO7BEScf3x,,https://t.co/rlbjtqJwnw,,,1
246871490,Marc Lotter,marc_lotter,Thu Feb 03 16:52:21 +0000 2011,49761,1038,1144,4007,502,,Director of Strategic Communications for @realDonaldTrump 2020 Campaign.  Fmr Special Assistant to President & Press Sec to VP @mike_pence. #MAGA. 🇺🇸,"Washington, DC",https://t.co/dwXt62OBSf,,,1
28785486,ABC News,ABC,Sat Apr 04 12:40:32 +0000 2009,14369285,537,39,256843,56424,,"All the news and information you need to see, curated by the @ABC News team. https://t.co/PKeobr4xt0 Tips: https://t.co/2ICEX6CuXd",New York City / Worldwide,https://t.co/7mnR2AtpOn,,,1
15675138,CSPAN,cspan,Thu Jul 31 14:29:10 +0000 2008,1955624,8860,1441,40070,13864,,Capitol Hill. The White House. National Politics.,"Washington, D.C.",https://t.co/L3A4afzX6T,,,1
22956220,Tammy Bruce,HeyTammyBruce,Thu Mar 05 18:32:14 +0000 2009,258108,1197,20721,110537,3452,,"@FoxNews Contributor, President @IWV, NYT Best Selling Author, @WashTimes Columnist. Independent Conservative. Italian. Scottish. Bookish. https://t.co/kyrcLxzmmX",New York/Los Angeles,https://t.co/idzuhiv6g4,,,1
71036272,IWV,IWV,Wed Sep 02 18:27:29 +0000 2009,245594,187543,3108,21469,1120,,"We expand support for policy solutions that enhance people's freedoms, choices, and opportunities. President: @heytammybruce CEO: @TheHRH #ChampionWomen",Washington D.C.,https://t.co/Fss5CxmgBQ,,,1
15647676,Homeland Security,DHSgov,Tue Jul 29 16:32:34 +0000 2008,1761870,399,472,14456,11334,,"The DHS Mission: With honor and integrity, we will safeguard the American people, our homeland, and our values.","Washington, D.C.",https://t.co/sVSheOcQ7l,,,1
21149655,Arthur Schwartz,ArthurSchwartz,Wed Feb 18 00:09:13 +0000 2009,61608,170,5412,5522,514,,,"Washington, DC",,,,1
39308549,Daily Caller,DailyCaller,Mon May 11 18:31:37 +0000 2009,510614,26656,2693,278833,7198,,The journalists who love America. Ditch cable news - SUBSCRIBE to the Daily Caller on YouTube: https://t.co/SWRUcqIVFB,"Washington, DC",https://t.co/3mWCnk49Lp,,,1
462104542,Chuck Woolery,chuckwoolery,Thu Jan 12 15:30:41 +0000 2012,569739,2843,9994,78602,3869,,"Hollywood Conservative, Love Connection Host, Back in Two and Two, Fisherman, Navy Vet, Political Activist. Host of Blunt Force Truth w/ @markyoungtruth",Texas,https://t.co/isGCEz1eW7,,,1
138182116,Trish Regan,trish_regan,Wed Apr 28 21:21:09 +0000 2010,579393,1265,21490,12428,2259,,"“Trish Regan Primetime” 8pm & 11pm FOXBusiness. #LiveFreeorDie Native, Wife, Mom of 3, Tri-lingual speaker, Capitalist, and Lyric Soprano",NYC,https://t.co/DnNGVKxVug,,,1
695054484083470336,Erielle Davidson,politicalelle,Thu Feb 04 01:21:17 +0000 2016,90408,1690,40463,11431,652,,senior contributor @FDRLST | currently at @KoheletForum & @ShuratHaDin |@ClaremontInst alum | @HooverInst alum | pro-@Israel jew |,DC to Tel Aviv/Jerusalem,https://t.co/rJOrAD7vSD,,,1
3108351,The Wall Street Journal,WSJ,Sun Apr 01 06:22:13 +0000 2007,16692995,1130,1235,280012,112487,,Breaking news and features from the WSJ.,"New York, NY",https://t.co/GhhR6PLfem,,,1
365530059,Team Mitch,Team_Mitch,Wed Aug 31 15:59:28 +0000 2011,20889,4714,552,2734,563,,Official account of Mitch McConnell for Senate. #TeamMitch #KYSen #KentuckyTough,"Kentucky, USA",http://t.co/8WMUukQHNn,,,1
21207857,Scott Atkins,ScottFantasy,Wed Feb 18 15:50:34 +0000 2009,8817,5676,11406,20812,174,,"Co-Founder: The Fantasy Football World Championship. Join us in Vegas or online from home. (Video below) 
Yes I'm Team #MAGA  If this offends you, so be it.🇺🇸",Vegas,https://t.co/Sl9QjaNcQJ,,,1
223970563,Neil Cavuto,TeamCavuto,Tue Dec 07 20:30:01 +0000 2010,624257,200,77,10732,3669,,"The Official Twitter Account for all things Neil Cavuto, handled by his staff. Catch Neil: M-F 12PM - 2PM ET @FoxBusiness, M-F 4PM ET &
Sat 10AM ET @FoxNews","New York, NY",https://t.co/HGcLXVW04g,,,1
818948638890217473,Rep. Matt Gaetz,RepMattGaetz,Tue Jan 10 22:32:25 +0000 2017,286487,867,477,3679,1443,,Official Twitter for Congressman Matt Gaetz. Proud conservative who is honored to serve the First District of Florida.,,https://t.co/GcjK1dZCtR,,,1
208155240,Maria Bartiromo,MariaBartiromo,Tue Oct 26 18:58:26 +0000 2010,491343,1355,16446,27317,4482,,"Anchor, Global Markets Editor Mornings with Maria @MorningsMaria 6-9 AM et M-F on @FoxBusiness & @SundayFutures 10:00 AM et Sundays @FoxNews 2-time Emmy winner","New York, NY",https://t.co/P2XOPgzZZ9,,,1
1060487274,Rep. Doug Collins,RepDougCollins,Fri Jan 04 13:43:55 +0000 2013,83914,953,605,3935,1068,,"Working for Georgia's 9th Congressional District. Pastor, attorney, military chaplain. Ranking Member of @JudiciaryGOP.","Gainesville, Georgia",https://t.co/6yvc1EfV0T,,,1
47739450,Byron York,ByronYork,Tue Jun 16 20:38:05 +0000 2009,338425,1290,14,42615,5265,,"Chief political correspondent, Washington Examiner, Fox News contributor, author of The Vast Left Wing Conspiracy","Washington, D.C.",http://t.co/tAAyTAVFIb,,,1
28645214,Drudge Report Feed,drudgefeed,Fri Apr 03 20:27:04 +0000 2009,7552,5,0,250367,200,,Real-time updates of the Drudge Report.  For the RSS feed visit https://t.co/dVpumxq4va,,http://t.co/H2OT3v6g8h,,,0
54412900,Devin Nunes,DevinNunes,Tue Jul 07 02:04:34 +0000 2009,498072,635,73,2156,2403,,RTs do not equal endorsement.  This is my personal Twitter account.  If you have questions about my official activities please visit my website.,,http://t.co/nNrwohsqWS,,,1
22508473,Oversight Committee Republicans,GOPoversight,Mon Mar 02 17:30:34 +0000 2009,67624,13019,197,9671,1409,,House Oversight Committee Republicans | Est. 1814 | Ranking Member @Jim_Jordan | https://t.co/ylzBTwEGzE,Washington D.C.,https://t.co/udvm5PQnVL,,,1
22055226,Louie Gohmert,replouiegohmert,Thu Feb 26 20:14:28 +0000 2009,215248,755,62,7477,2251,,"Member of Congress, representing the first district of Texas which encompasses over 12 counties stretching nearly 120 miles down the eastern border of Texas.",,http://t.co/dvOOcVB1hy,,,1
193794406,Shelley Moore Capito,SenCapito,Wed Sep 22 18:06:14 +0000 2010,67265,1000,402,7973,1607,,Proudly serving West Virginia in the United States Senate.,,http://t.co/s6UUsbxSHW,,,1
1048784496,Sen. Kevin Cramer,SenKevinCramer,Sun Dec 30 20:54:06 +0000 2012,19166,495,147,3796,762,,Representing the great people of North Dakota in the United States Senate.,,https://t.co/M4l7PNHhUi,,,1
278145569,Sen. Marsha Blackburn,MarshaBlackburn,Wed Apr 06 18:05:33 +0000 2011,82245,2713,520,6585,1811,,I am honored to serve the people of Tennessee.,"Brentwood, TN",https://t.co/sdip4ai5Ok,,,1
21409003,Baylor Lady Bears,BaylorWBB,Fri Feb 20 16:14:32 +0000 2009,41861,97,1631,14095,262,,"The official Twitter account for three-time NCAA Champion (2005, 2012, 2019) 🏆🏆🏆Baylor Lady Bears.",,https://t.co/5liWyYyIIs,,,1
939261769691869186,David Paradis,dpparadis123,Fri Dec 08 22:33:51 +0000 2017,98,180,613,1089,1,,,"Boston, MA",,,,0
703275054566653952,Ro,ro18007212,Fri Feb 26 17:46:54 +0000 2016,105,105,5020,945,1,,,,,,,0
3504470122,Ed Orzech,OrzechEd,Mon Aug 31 18:30:37 +0000 2015,113,78,2082,68,2,,"K of P, UM, Cal St,  paisley Christmas shoppe, Aspen Skico","Snowmass Village Co, Stone Harbor NJ",,,,0
1459550678,Kevin Nash,TheKevinNash61,Sun May 26 12:39:58 +0000 2013,713,1592,2322,1596,5,,Dad. Patriot. Fireman. USMC Infantry Veteran. Fire Service Instructor. BJJ🥋. Lifelong Student.,"Baltimore, MD",https://t.co/wp87XMN101,,,0
2915043453,🇺🇸🇮🇱LOGAN-WOLVERINE-VET🇮🇱🇺🇸,mitchraider60,Thu Dec 11 05:37:57 +0000 2014,2803,2798,2687,2829,0,,"JEWISH DEPLORABLE 🇺🇸ARMY VET PATRIOT. HATE PC, LOVE GOD. Love 🇺🇸. LIBS SUCK! Abortion is MURDER. LOVE 🇮🇱. A1 A2 #Trump2020 #MAGA, AOC, Omar & Thalib=SCUM.","ALKALAI LAKE, NY ",,,,0
911665283844202497,Jimmy Mac,JimmyMac233,Sat Sep 23 18:55:16 +0000 2017,114,140,96,6140,2,,Government & Politics. Resident of The Democrapic People's socialist state  of New York.,"New York, USA",,,,0
358499911,Corey Bates,jcoreybates,Sat Aug 20 01:15:12 +0000 2011,387,473,18221,2333,4,,"Firefighter, EMT, and Athletic Trainer at Liberty County High.",Southeast GA,,,,0
288537885,Tim Gatto,G4TTO21,Wed Apr 27 01:20:21 +0000 2011,115,105,282,89,3,,Mortgage Banker - Conservative - Proud Uncle of 2 - Dog Owner,"Charlotte, NC",,,,0
1110629771908710405,TGrande,TGrande7,Tue Mar 26 19:49:06 +0000 2019,91,51,319,82,6,,Life Is Really Simple But We Insist On Making It Complicated ... Confucius,,,,,0
1024687246333624320,C.w.Elliott,CwElliott2,Wed Aug 01 16:04:12 +0000 2018,144,36,208,252,2,,"Old retired cop/fireman, Stand Up Philosopher (bs artist), America lover forever, Jack of all trades—Master of none!","Brookville, PA",,,,0
1554371179,James the Immigrant,JA_Loans,Sat Jun 29 00:28:38 +0000 2013,466,1923,6947,13224,23,,True: Social Mood motivates political actions;   False: Political Actions creates the Social Mood;   True: Social mood gives Rise to their political Leader,,,,,0
268462546,Mark Cross,mscrosswi,Fri Mar 18 20:41:52 +0000 2011,335,1186,657,2470,3,,"Consultant, Connector, Educator, Former corporate exec., Husband, Father commenting mostly on sports, politics, and travel.","Richmond, VA",https://t.co/Wp9IsQvB5V,,,0
1967608022,Eli Brody4.0,woofeous,Thu Oct 17 21:15:02 +0000 2013,4572,2731,15723,138531,236,,Official Acc't / Pro Law Enforcement / Pro Military / Pro Constitution / Pro Bill of Rights / Pro Fiscal Restraint / Fearless / Leader / Patriot / MAGA😎🏝️🏒,"Port Orange, Florida Part of Time",,,,0
137149640,Korryb,Korryb,Sun Apr 25 23:37:42 +0000 2010,191,390,6509,2311,1,,,Southern California,,,,0
80870096,Jeffrey Stewart,JeffreyKStewart,Thu Oct 08 15:14:59 +0000 2009,631,880,19038,19307,7,,,"Rukeria, Kenya",https://t.co/mg4L0qjp2C,,,0
27671164,H2O Dog,bobahide,Mon Mar 30 16:19:40 +0000 2009,117,180,921,617,1,,,,,,,0
971524840661438465,Jeff Neely,JeffNeely11,Wed Mar 07 23:15:46 +0000 2018,515,748,1114,1092,1,,,,,,,0
1422011875,cathy dowd,cmd629,Sun May 12 01:45:49 +0000 2013,116,82,179,1638,5,,,"Longport, New Jersey",,,,0
871154543014416386,Sandy,Bones_zoom,Sun Jun 04 00:00:03 +0000 2017,175,200,3798,1764,3,,I'll never get old at heart.,USA,,,,0
1091771521088004096,Joan Williams,JoanWil57769727,Sat Feb 02 18:53:09 +0000 2019,155,100,2237,2383,1,,"Widow, 4 adult children, loves politics, estate sales & sports",,,,,0
796005068809981952,clint welborn,clintwelborn1,Tue Nov 08 15:02:52 +0000 2016,92,81,884,921,2,,“hush please...thank you”,,,,,0
3291381326,Hike America,HikeAmerica440,Fri Jul 24 23:54:59 +0000 2015,268,575,4540,2096,5,,Love my country. International traveler. Enjoy discovering new places and getting to know people. Psalm 52:9 MAGA,,,,,0
133882145,Lisa Lima🇺🇸,LisaLimaaa,Fri Apr 16 22:11:34 +0000 2010,705,885,13291,3211,3,,Daughter of the Most High 🌹Faithful wife (please no DMs)🌹Christian that studies Hebrew roots🌹Israel lover🇮🇱🌹Pro Military and Cops❤️ STOP sex traffickers😡,,,,,0
955653079,Curtis Vincent,CurtisVincent5,Sun Nov 18 15:04:43 +0000 2012,492,537,1387,1386,1,,"Captain/EMT for the busiest fire department in Warren County Ky. Husband, Dad, Conservative, Pro 2A, Go BBN!!!!","Bowling Green, Kentucky",,,,0
342485989,R McGuire 23,23Mcguire,Tue Jul 26 02:47:19 +0000 2011,153,434,486,353,0,,🇺🇸,,,,,0
343648299,Lee J Wilkens,broncolee70,Wed Jul 27 21:48:05 +0000 2011,162,346,1609,1819,2,,,"kansas city
",,,,0
1924200606,Steve,Steverefresh,Tue Oct 01 18:27:39 +0000 2013,160,281,525,1719,3,,"Christian, semi retired, massage therapist, sports medicine, pro life, missionary for sex trafficking in Costa Rica, Go Dawgs, Like Trump, Love Pence",,,,,0
1050719189336506369,Michael W. Canterbury,mw_canterbury,Fri Oct 12 12:05:50 +0000 2018,94,26,103,220,1,,,,,,,0
825051842455404546,Brenda Brady,BradyBbum1957,Fri Jan 27 18:44:22 +0000 2017,117,133,6977,712,5,,Government & Politics Government & Politics MLB NFL NASCAR Sports,"Massachusetts, USA",,,,0
19893635,Scott A. Stone,Scooter172,Mon Feb 02 04:48:02 +0000 2009,153,136,103,1628,5,,I’m a conservative that works for the gov... it’s a love hate relationship.,"Minnesota, USA",,,,0
4052089453,G W Kohn,GWKohn1,Thu Oct 29 00:36:43 +0000 2015,124,23,2029,557,6,,🇺🇸👍Common sense Conservative with a Libertarian streak. Retired USAF Ammo troop 💣 who is fed up with lying RINOs and Democrat socialist traitors! #MAGA,Peoples Republic of California,,,,0
742118538681319424,Mary VanHorton,VanhortonM,Sun Jun 12 22:17:02 +0000 2016,376,1012,22856,24861,33,,"American mother, wife, Christian & Golden Retriever lover. America will never be a Sociallst country.”.             Let Capitalism/Freedom ring.","New York, USA",,,,0
28049530,Chris 🇺🇸,chrisgogarty,Wed Apr 01 04:21:11 +0000 2009,228,368,599,1940,2,,Lieutenant FDNY Retired,,,,,0
309467343,Ben Rawls,firemanbrawls,Thu Jun 02 04:11:04 +0000 2011,228,435,70,712,2,,I am a fireman in Tuscaloosa Alabama.,Tuscaloosa,,,,0
59965136,mike w 🇺🇸,blinddog007,Sat Jul 25 03:14:11 +0000 2009,2652,4999,61094,26562,16,,the myth the man the legend...the real McCoy only one copy. GO BLUE Detroit city made #puremichigan #proud #AMERICAN #MAGA #Winning #2A #freedom #Qanon🇺🇸🇺🇸,"Michigan, USA",,,,0
846486084,Ken Robbio,KRobbio,Wed Sep 26 00:43:02 +0000 2012,262,151,959,261,5,,,,,,,0
280601129,🇺🇸TarHeel🐏,flamingoHeels,Mon Apr 11 17:16:24 +0000 2011,3126,4994,11153,22389,41,,PATRIOT😬🇺🇸🇺🇸Retweeted by @POTUS👍🏻 I ❤️ and support our President. 🇺🇸 #TRUMP🇺🇸#TARHEELS🐏 #bigrockfishing🎣 #NC #UNC #ScottyMcCreery #MAGA #Q #KAG,North Carolina,,,,0
961562081127489536,Dan Kida,RealDanKida,Thu Feb 08 11:27:19 +0000 2018,442,850,447,952,0,,"Chicago Born, Chi-Town, Chi-raq, South Side Irish... Go SAN DIEGO CHARGERS... Forza JUVE... #MAGA, been RT’d by President Trump. Former Candidate for Alderman.","Lockport, IL",,,,0
871312993308377088,Harry Peterson,harrypeterson_,Sun Jun 04 10:29:40 +0000 2017,280,803,7680,1503,4,,Arsenal fan. Retweeted by POTUS,,,,,0
1332445068,Kathryn Shafer,kshaferus,Sat Apr 06 20:45:35 +0000 2013,663,541,5471,1605,16,,"NOT A BOT! I believe in God, my country and myself. I am a “Deplorable,” but I am a proud American Patriot who loves our Constitution!🇺🇸",Homosassa FL,,,,0
345492829,Mike36561,mr36561,Sat Jul 30 17:56:51 +0000 2011,1469,2447,115,34747,41,,"Love the deep south, support Term Limits, States Rights, Roll Tide, Fried Fish,Catch & Release,Trump Supporter...hate political correctness!",,,,,0
2246461174,Skip Omasta,OmastaSkip,Fri Dec 27 16:35:36 +0000 2013,130,24,434,139,6,,,"Danbury, CT",,,,0
286492669,deplorable bartley,tedbartley,Sat Apr 23 03:26:24 +0000 2011,770,485,47746,26125,18,,"RETIRED Fire Department Battalion Chief,35 years!  Life is good.#IAMACHRISTIAN #ISTANDWITHISRAEL #deplorable #IAmGlock #2A #NRALifeMember # IStandForTheFlag","marshall,texas",,,,0
998994391317573632,DJDaniel01 🏴󠁧󠁢󠁥󠁮󠁧󠁿,TheDJDaniel01,Tue May 22 18:29:58 +0000 2018,1037,4730,8643,8643,7,,"My name is Daniel, I like to tweet. I #MAGA #KAG #Trump2020 I Retweeted by @realDonaldTrump I Banner by @DJ_BassPon3 I https://t.co/qJErdXbNiU","Nottingham, England",https://t.co/lxunSQucZv,,,0
29914685,Bob Williams,gr84u2c,Thu Apr 09 03:55:13 +0000 2009,503,221,29066,11946,44,,"Tremendous heart, loves great food, southern gentleman, hard working telecom consultant, great father and husband my opinions words and deeds are my own.",Ogden Utah,,,,0
745612822118162437,BIG George,BIGGeorgeAZ,Wed Jun 22 13:42:04 +0000 2016,260,146,11473,5827,8,,"Born in Chicago, raised in AZ. Views expressed here are my own. Proud graduate of Arizona State University. Lawyer and fan of all Phoenix sports. D-backs are #1","Gilbert, AZ",,,,0
1051880467467825153,JPR jr,Jrag19601,Mon Oct 15 17:00:21 +0000 2018,254,186,544,857,10,,Just a regular guy looking to make his way in the world. Fairly new to Crypto. An expert at sarcasm.,,,,,0
856343594,Scott T. Bepler(Sam’s Dad),ScottBepler,Mon Oct 01 13:07:12 +0000 2012,687,150,55070,4028,13,,"Dad, son, brother & friend, Navy, Deputy and Firefighter!",Cincinnati Ohio,,,,0
162815091,Saul Pavlinsky Sr,saulpavsr,Sun Jul 04 19:24:16 +0000 2010,848,349,969,2054,17,,"Father, Husband, Son and retired Naval Officer","Southside, Jacksonville",,,,0
535007238,Al Dresser,aldresser,Sat Mar 24 02:29:15 +0000 2012,1269,229,116764,4896,3,,"Dad, husband, Firefighter,Trump supporter","Phoenix, AZ",,,,0
22225649,Meech,michi83,Sat Feb 28 03:51:35 +0000 2009,4738,1278,31840,12001,150,,FL Native. Government Affairs Hack. Pop Culture Savant. Cowboys Fan ✭ (insert PSA about tweets being my own),The Swamp,https://t.co/83jwlHbgoS,,,1
39349894,Eric Trump,EricTrump,Mon May 11 21:42:30 +0000 2009,2537457,813,9724,5762,6234,,Executive Vice President of The @Trump Organization. Husband to @LaraLeaTrump. Large advocate of @StJude Children's Research Hospital. #MakeAmericaGreatAgain,,https://t.co/uwwNiWyamR,,,1
40116885,Rich Lowry,RichLowry,Thu May 14 23:28:39 +0000 2009,174090,736,1431,25298,3480,,Editor of National Review. Syndicated columnist. Yankees/Capitals/Titans. Speaking opps (debates welcome): lowry.speaking@gmail.com,,https://t.co/WtikQmN8Xk,,,1
112526560,Kenneth P. Vogel,kenvogel,Mon Feb 08 20:39:32 +0000 2010,99620,1545,2018,32000,2514,,"@nytimes. @GlensGardenMkt. philly sports. Big Money: $2.5B, 1 Suspicious Vehicle & a Pimp: https://t.co/hLkpfYc7Bq","Washington, DC",,,,1
3580248555,Deep State Exposed®,DeepStateExpose,Mon Sep 07 20:12:43 +0000 2015,291043,320270,30958,51787,1116,,Bestselling Author | Conservative | Trumper | Exposing the Deep State | RT'D by POTUS 10X | WWG1WGA,North Of The Wall,https://t.co/nfOdHte1mo,,,0
18643437,Paul Joseph Watson,PrisonPlanet,Mon Jan 05 20:04:23 +0000 2009,980211,603,6903,66130,8370,,"""Watson is a brilliant polemicist."" The Spectator.....”Free speech extremist.” The Mirror. High Tory.",London,https://t.co/o9oVZqB9wC,,,1
203226736,Sharyl Attkisson🕵️‍♂️,SharylAttkisson,Fri Oct 15 20:25:13 +0000 2010,243582,6182,35586,43636,3318,,"Nonpartisan Investigative Journalist @FullMeasureNews *Note* RTs not=endorsement; RTs may be interesting, silly, wrong, outrageous. Think for yourself.","Washington, DC",http://t.co/206qyeOcuD,,,1
70174349,Jeremy Boreing,JeremyDBoreing,Sun Aug 30 18:02:11 +0000 2009,35333,288,4409,2679,177,,"Co-Founder, COO, and god-king of @realDailyWire, host of Backstage, Exec. Producer of the Ben Shapiro, Andrew Klavan and Michael Knowles shows. Filmmaker.","Los Angeles, CA",https://t.co/gP2ybURviq,,,0
164070785,Lauren Southern,Lauren_Southern,Wed Jul 07 23:58:47 +0000 2010,418587,988,29639,15764,2639,,Best Selling Author. Filmmaker. Lover of hedgehogs & Freedom. Retweets ≠ endorsement. https://t.co/Rxb6DhEemV,contactlsouthern@gmail.com,https://t.co/4IPrESDJO9,,,1
317385247,Mindy Robinson 🇺🇸,iheartmindy,Tue Jun 14 21:18:14 +0000 2011,111686,2409,59061,17165,667,,"Actress, Patriot, and Host of Red, White, and F You: Unapologetically Patriotic, w/appearances in Range 15, Check Point, American Warfighter, and Roe v. Wade.","Hollywood, CA",https://t.co/4m3WYnJa2b,,,1
3981225735,Students For Trump,TrumpStudents,Sat Oct 17 18:13:13 +0000 2015,143236,213,13378,10967,671,,The youth coalition behind President Donald J. Trump and Vice President Michael R. Pence. Tips: submit@sft.gop,"Raleigh, NC",https://t.co/pe4U2YArqy,,,1
785226510630203392,Aman_Tripathi 🇮🇳,Amantrp_blp,Sun Oct 09 21:12:43 +0000 2016,904,499,56834,3801,8,,•ॐ धर्मो रक्षति रक्षितः                                                                •हिन्दी-हिन्दू-हिन्दुस्तानी,India,https://t.co/5vGDEfwOo0,,,0
707602392896790528,HowardH,HH41848213,Wed Mar 09 16:22:11 +0000 2016,969,92,79,17837,24,,,,,,,0
14839147,Eric Bolling🇺🇸,ericbolling,Mon May 19 23:36:04 +0000 2008,1102618,810,18,32385,4962,,"Host: “AMERICA This Week” (Sinclair ) & “AMericA” (BlazeTV🔥) + NewYorkTimes Bestsellers ""The Swamp"" & “Wake Up America” 🇺🇸 *Contact me: EBpublicist@gmail.com",DC ,https://t.co/l7cB6xeroe,,,1
31628934,Jerry Falwell,JerryFalwellJr,Thu Apr 16 03:34:24 +0000 2009,73408,383,8028,4533,831,,University President personal page.  Haters will be blocked.,"Blue Ridge Mountains, VA",https://t.co/xEkzzkGs1d,,,1
32453930,Tiger Woods,TigerWoods,Fri Apr 17 15:48:12 +0000 2009,6542952,27,53,1001,20561,,"Official Twitter account of Tiger Woods. Father, Golfer, Entrepreneur. Tweets from TGR Ventures are signed – TGR","Jupiter Island, FL",https://t.co/eBVX72yi2f,,,1
1058051748,Randy Weber,TXRandy14,Thu Jan 03 15:30:06 +0000 2013,15827,465,190,2628,687,,Representative for the 14th Congressional District of Texas. https://t.co/3YiUH3WeW6 | Instagram: TXRandy14,"Friendswood, TX",https://t.co/8FFRq1l3TV,,,1
930552552302792705,Dan Crenshaw,DanCrenshawTX,Tue Nov 14 21:46:32 +0000 2017,508520,741,626,857,1369,,"Dan Crenshaw, Congressman, Lieutenant Commander (Ret), a former Navy SEAL.","Houston, TX",https://t.co/bdQoePkZ5C,,,1
15207668,House Republicans,HouseGOP,Mon Jun 23 14:41:52 +0000 2008,724052,765,2702,20986,5691,,We are the United States House of Representatives Republican Conference @HouseGOP on Instagram.,"Washington, DC",https://t.co/lcTnaxp5EE,,,1
15075999,Hugh Hewitt,hughhewitt,Tue Jun 10 18:38:27 +0000 2008,180656,2890,4817,118933,3820,,Nationally Syndicated Radio Host weekdays 6-9 AM EST on Salem. NBC News/MSNBC Contributor. Washington Post contributing columnist. Browns/Tribe/Cavs/Buckeyes,California,https://t.co/EKK53CGkI2,,,1
252398355,Daniel Horowitz,RMConservative,Tue Feb 15 03:19:52 +0000 2011,69658,544,57,75269,879,,"Senior Editor at https://t.co/Ixvzwcmgsq Conservative writer, policy analyst, new book Stolen Sovereignty https://t.co/J3SBPmCYBX",,,,,1
812135885328236551,Ryan Saavedra,RealSaavedra,Fri Dec 23 03:20:58 +0000 2016,264440,284,7868,33943,1637,,Reporter at @realDailyWire. Retweets ≠ endorsement. rsaavedra@dailywire.com,USA,https://t.co/OeFiLruANp,,,1
421983899,John Catsimatidis Jr,johncatsjr,Sat Nov 26 17:06:36 +0000 2011,11820,2629,1409,1071,142,,American Investor | Venture Capitalist | Real Estate Developer | Unapologetic Long-term Capitalist | RT != endorsement,New York,,,,0
770781940341288960,Rudy Giuliani,RudyGiuliani,Wed Aug 31 00:35:10 +0000 2016,343029,168,96,579,1511,,,,,,,1
16523905,Robby Starbuck,robbystarbuck,Tue Sep 30 04:41:29 +0000 2008,54350,6994,86761,29343,346,,Director and Producer • Free Thinker • Prod. Co. Owner • Married to @iMatriarch • Futurist • Proud Dad • Cuban American🇺🇸,"Calabasas, CA",https://t.co/xNpZC5JUPh,,,1
1073588049588772864,Tommy Hicks,TommyHicksGOP,Fri Dec 14 14:38:32 +0000 2018,12186,183,157,1014,54,,"@GOP Co-chair | Husband, father of 3 | @TexasLonghorns @dallascowboys @dallasstars @texasrangers @dallasmavs fan .@realDonaldTrump",,https://t.co/J8BrqSJCub,,,1
25101996,Kimberly Guilfoyle,kimguilfoyle,Wed Mar 18 16:33:40 +0000 2009,1521425,2702,8912,6456,4890,,"Mother, Sister, Patriot, Proud American / Senior Adviser @realdonaldtrump 2020 Presidential Campaign 🇺🇸",New York,https://t.co/XjVAWvUQuR,,,1
1917731,The Hill,thehill,Thu Mar 22 18:15:18 +0000 2007,3297375,252,25,587037,26069,,"The Hill is the premier source for policy and political news. Follow for tweets on what's happening in Washington, breaking news and retweets of our reporters.","Washington, DC",http://t.co/t414UtTRv4,,,1
457984599,Breitbart News,BreitbartNews,Sun Jan 08 01:50:52 +0000 2012,1108914,112,986,109832,8849,,"News, commentary, and destruction of the political/media establishment.",,http://t.co/2sVbt3n6lO,,,1
235258843,Jeff Landry,JeffLandry,Fri Jan 07 19:05:00 +0000 2011,7407,670,81,2144,389,,"Husband, Father, Veteran, Outdoorsman, FMR Small Businessman & Conservative Congressman, now serving as Louisiana's Attorney General","Acadiana, LA",https://t.co/5mMcbC1QCX,,,1
22195441,Thom Tillis,ThomTillis,Fri Feb 27 21:49:53 +0000 2009,36477,14296,477,2190,942,,Husband to Susan. Father to Lindsay and Ryan. Papa to Sawyer. Senator to North Carolina.,"Huntersville, North Carolina",https://t.co/hLVMZtXMck,,,1
18277655,Rep. Pete King,RepPeteKing,Sun Dec 21 02:49:32 +0000 2008,36292,100,152,2857,1811,,Representing New York's 2nd Congressional District,"Seaford, New York",http://t.co/KPR17HxYvl,,,1
23022687,Ted Cruz,tedcruz,Fri Mar 06 03:20:20 +0000 2009,3356715,6432,1443,24242,12137,,"Father of two, @heidiscruz's husband, fighter for liberty. Representing the great state of Texas in the U.S. Senate.","Houston, Texas",https://t.co/dJ4Q3979gw,,,1
21026508,Sergio Gor,SergioGor,Mon Feb 16 20:54:24 +0000 2009,7595,154,376,2758,194,,"Team @RandPaul, US Senate, America First, Beagles, avid traveler. Opinions Here: My own",USA,,,,0
783887263,Jason Donner,jason_donner,Mon Aug 27 05:26:27 +0000 2012,2768,1156,1021,5566,95,,@FoxNews Capitol Hill Producer | @RTCACapHill Vice Chairman | 2016 campaign embed | @USC alum | From Los Angeles | #FightOn,"Washington, DC",,,,1
45265448,Melanie Zanona,MZanona,Sun Jun 07 02:24:32 +0000 2009,10162,2146,2539,7148,367,,Congress reporter for @Politico & author of HUDDLE. Chi till I die. My party trick is identifying lawmakers by the back of their heads. *RTs ≠ endorsements*,"Washington, D.C.",,,,1
42481696,Bradley Byrne,BradleyByrne,Mon May 25 20:36:05 +0000 2009,13963,5444,335,1925,245,,"Dad, Grandfather, and proud Alabamian fighting to represent conservative values in the U.S. Senate. Insta: Bradley_Byrne","Fairhope, Alabama",https://t.co/ZpdrcK6Met,,,1
35218566,Ari Fleischer,AriFleischer,Sat Apr 25 14:11:19 +0000 2009,340954,1413,275,16041,4044,,"Ex WH Press Secretary. I run a communications co. whose clients are sports organizations, athletes & corporations. Go Yankees/Dolphins. FOX News contributor.",,https://t.co/RANs9eL3zJ,,,1
112047805,Brit Hume,brithume,Sun Feb 07 02:55:13 +0000 2010,1034376,728,584,19650,6295,,"Sr. Political Analyst, Fox News Channel. Arguments welcome. Name callers & verbal abusers blocked.","Washington, D.C.",,,,1
3995778614,Kambree Kawahine Koa,KamVTV,Fri Oct 23 22:32:20 +0000 2015,147245,1587,66539,62637,547,,✨ Texan ✨ Political News Contributor ✨Fiscally Con✨Socially Lib ✨ Citizen Advocate,"Los Angeles, CA ✈️ Dallas, TX",https://t.co/yKGoesYvtE,,,1
15455253,Ned Ryun,nedryun,Wed Jul 16 15:04:15 +0000 2008,126033,27453,11599,60782,1131,,"Conservative Christian. Love @BeccaRyun. Dad of 4. Jayhawk. CEO @AM_National, @VoterGravity. For media: ned@therightbookings.com. @theamgreatness Senior Fellow.",Virginia,https://t.co/fMl949HcAi,,,1
749016639287414784,American Greatness,theamgreatness,Fri Jul 01 23:07:37 +0000 2016,11535,3391,288,5636,163,,,Hearts & Minds,https://t.co/Xka6qhLMux,,,0
762389795037294592,Melissa A.,TheRightMelissa,Sun Aug 07 20:47:46 +0000 2016,184204,1536,42335,33268,1344,,"Christian, Conservative, Wife, mum. Retweeted & Followed By President Trump for 24 hours. 🙌🏽 Here to expose the lies of the media",,,,,0
9427572,Lisa Mei Crowley,LisaMei62,Sat Oct 13 20:52:08 +0000 2007,133655,14380,96692,40873,936,,"Mom, AF SMSgt (ret), Fmr Abn Rus Linguist, DoD Contractor, Singer/Songwriter, R+F, Tops in Blue '90, RT'd by POTUS, Q'd 5x! *Opinions expressed are solely mine.",Virginia,https://t.co/j3kZhSiUu3,,,0
720293443260456960,The Trump Organization,Trump,Wed Apr 13 16:51:54 +0000 2016,371831,50,6589,692,1310,,"Official Twitter page of The @Trump Organization. The most globally recognized brand in luxury real estate, golf, hospitality, and entertainment 🌎","New York, NY",https://t.co/L8emHxB2qH,,,1
17408744,charmane harbert ✝️,callme_Chari,Sat Nov 15 15:38:25 +0000 2008,3351,2294,108034,34285,34,,"witty, geeky, bibliophile, pluviophile, woman, nationalist, patriot,yellow vest",Alpharetta Ga,https://t.co/jbTqFdx5He,,,0
904782144324722691,J_Patriot_🇺🇸,J_TrumpIN,Mon Sep 04 19:04:08 +0000 2017,62656,58227,73302,25436,101,,PROUDLY RETWEETED BY PRESIDENT TRUMP 5/22/19 @RealDonaldTrump FB: @RealJamesWoods @GenFlynn #MAGA #KAG #BuildTheWall #Trump2020 FOLOW ME ON PARLER @JTrumpIN,"Indianapolis, IN",https://t.co/ENPzbrGFLv,,,0
10615232,ChuckGrassley,ChuckGrassley,Mon Nov 26 15:17:02 +0000 2007,414374,13758,3,8007,5570,,"U.S. Senator. Family farmer. Lifetime resident of New Hartford, IA. Also follow @GrassleyPress for news and information.",Iowa,https://t.co/CM45Tl33ts,,,1
1025076702,Avi Berkowitz,AviBerkow,Thu Dec 20 21:43:40 +0000 2012,7961,441,294,355,76,,"Harvard Law School Graduate, Deputy Assistant to @POTUS. Personal account. @aviberkow45 for work.","Washington, DC",,,,1
491719838,Turning Point USA,TPUSA,Mon Feb 13 23:15:31 +0000 2012,270051,35760,17212,20998,1362,,"Student movement. Freedom, Free Markets, Limited Government. We're the community organizers of the right. #BigGovSucks",The United States of America,https://t.co/7av8jpP72E,,,1
1079776144524754944,Nikki Haley,NikkiHaley,Mon Dec 31 16:27:48 +0000 2018,425953,501,1965,611,988,,Former U.S. Ambassador to the UN. 116th Governor of South Carolina. @ClemsonUniv Tiger. Proud American 🇺🇸.,,https://t.co/vK4V0Q2KpZ,,,1
759081003168112640,Jon Voight,jonvoight,Fri Jul 29 17:39:49 +0000 2016,136047,8,6,17,515,,Academy Award winning actor currently starring as 'Mickey Donovan' on Showtime's Ray Donovan,,,,,1
821610912469647362,ビル・ハガティ米国大使,USAmbJapan,Wed Jan 18 06:51:21 +0000 2017,23294,44,86,633,331,,ビル・ハガティ駐日米国大使の公式アカウント🇺🇸🇯🇵ツイートは日米関係から家族との日本再発見まで。Official Account for the U.S. Ambassador to Japan Bill Hagerty,"Tokyo-to, Japan",https://t.co/MlzCBqFcmm,,,1
93471126,アメリカ大使館,usembassytokyo,Sun Nov 29 20:17:45 +0000 2009,60514,265,7015,8262,1487,,"Official Twitter account for the US Embassy in Tokyo, Japan + press releases. RT & Like ≠endorsement. 在日米国大使館公式ツイッター 。プレスリリースもツイートします。RT、「いいね」は必ずしも内容を保証・支持しません。",東京都港区赤坂1-10-5,https://t.co/DPbYJYqWOK,,,1
7424642,The Japan Times,japantimes,Thu Jul 12 09:19:30 +0000 2007,312345,45,0,186749,10136,,Breaking news and features about Japan from the nation's most widely read English-language newspaper. 日本で一番読まれている英字新聞・ジャパンタイムズが発信する国内外ニュースと、様々なジャンルの特集記事。,Tokyo,https://t.co/l8lwBUkX1J,,,1
271820370,U.S. Forces Japan,USForcesJapan,Fri Mar 25 07:34:49 +0000 2011,20226,143,1176,4832,404,,"At U.S. Forces Japan, we work with our Japanese allies to deter aggression, ensure the defense of Japan, and preserve peace and stability in the Indo-Pacific.",Japan,http://t.co/DmtlHTQToU,,,0
412940784,首相官邸,kantei,Tue Nov 15 09:24:43 +0000 2011,1050447,41,0,12276,11692,,本アカウントは首相官邸の公式アカウントです。日々の総理に関する情報や内閣の重要政策についての情報などをお届けします。,,https://t.co/YlmtZlwbSB,,,1
259001548,Kayleigh McEnany,kayleighmcenany,Mon Feb 28 23:33:33 +0000 2011,220645,2143,12255,18024,2011,,National Press Secretary for @realDonaldTrump 2020 Campaign. Fmr @GOP Spox. Harvard Law JD. Georgetown. Oxford. Previvor. Wife of @GilmartinSean. Phil. 4:6,,https://t.co/NCyK14Aa4b,,,1
2516164608,TheHillOpinion,TheHillOpinion,Thu May 22 19:36:48 +0000 2014,7169,411,0,5299,136,,The Hill's Opinion section hosts hundreds of policy experts from a range of political viewpoints and areas of expertise.,"Washington, DC",https://t.co/sNtxJ7jmaE,,,1
24412566,Dan Celia,financialissues,Sat Mar 14 19:02:22 +0000 2009,30326,288,471,6270,150,,"Official Twitter account for Dan Celia host of Financial Issues. 630 Radio & 3 TV Networks by His Grace. God, Family, Proud Vet, Go Phillies. Opinions are mine.","Philadelphia, PA",https://t.co/sEode6TCfx,,,1
44945327,Franklin Graham,Franklin_Graham,Fri Jun 05 17:29:55 +0000 2009,1944419,92,217,11779,3036,,Official Twitter account for the President of Samaritan's Purse and the Billy Graham Evangelistic Association.,,http://t.co/YmFid3UivL,,,1
110606529,Jack Graham,jackngraham,Tue Feb 02 04:04:41 +0000 2010,46632,500,0,12983,491,,Pastor @Prestonwood. Speaker PowerPoint. Following Jesus. Loving my family,,https://t.co/oDcaRKRfRt,,,1
15515169,toddstarnes,toddstarnes,Mon Jul 21 14:09:17 +0000 2008,104222,13649,3939,67963,2360,,Fox News Channel #StarnesCountry #MAGA #ToddStarnesRadioShow,"New York, NY",http://t.co/DYS5t6aIfE,,,1
202200137,Jenna Browder,JennaBrowder,Wed Oct 13 14:32:46 +0000 2010,28963,14614,4160,5278,198,,Host of CBN’s Faith Nation,"Washington, DC",https://t.co/XM8qeaHhhU,,,1
117082566,David Brody,DavidBrodyCBN,Wed Feb 24 13:43:43 +0000 2010,20666,1623,2551,20116,487,,"Chief Political Analyst, CBN News",Retweets are not endorsements,https://t.co/a3VMIohH7C,,,0
123327472,Peter Baker,peterbakernyt,Mon Mar 15 18:55:27 +0000 2010,282111,2453,4152,24566,4420,,Chief White House Correspondent for The New York Times and MSNBC analyst. Proud husband of Susan Glasser of the New Yorker and CNN.,,https://t.co/UmqCI5AhUx,,,1
1209417007,Steve Scalise,SteveScalise,Fri Feb 22 18:10:47 +0000 2013,305092,1285,1161,9680,1965,,House Republican Whip. Dad. LSU & Saints fan. Proudly representing Louisiana’s First District.,"Jefferson, LA",https://t.co/vKBoGD7Spm,,,1
36042554,The Royal Family,RoyalFamily,Tue Apr 28 11:31:02 +0000 2009,4023602,530,523,31742,9751,,"Updates, pictures and videos from Buckingham Palace about the work and activities of The Queen and members of The Royal Family.",United Kingdom,https://t.co/u87QMImjnO,,,1
1568105364,The Duke of York,TheDukeOfYork,Thu Jul 04 12:45:43 +0000 2013,248054,234,7974,12073,911,,The Official Twitter Account for The Duke of York. Tweets sent by HRH are signed - AY.,United Kingdom,https://t.co/i1qGAQPPqI,,,1
1283775062,Ambassador Johnson,USAmbUK,Wed Mar 20 17:02:53 +0000 2013,36234,1435,1945,4947,404,,Official Twitter account of U.S. Ambassador to the UK Woody Johnson (From 8/23/17).,"London, UK",https://t.co/iuQR3KWKE9,,,1
956283913835614208,Secretary Alex Azar,SecAzar,Wed Jan 24 21:53:46 +0000 2018,29650,158,291,1916,429,,Alex Azar is the 24th Secretary of the U.S. Department of Health & Human Services (@HHSgov). Privacy policy: https://t.co/zEIuizSSBB,"Washington, DC",https://t.co/OdwmH6escY,,,1
878247600096509952,Candace Owens,RealCandaceO,Fri Jun 23 13:45:19 +0000 2017,1462238,403,18447,2840,4460,,Black People Don’t Have to be Democrats. #BLEXIT,"New York, USA",https://t.co/DkZfWRj9pb,,,1
17980523,Bill Mitchell,mitchellvii,Tue Dec 09 01:54:21 +0000 2008,438319,9349,24461,144354,3877,,"Host of YourVoice™ America at https://t.co/fXUiBUULvs,  Mon-Fri 9pm ET #TrustTrump","Charlotte, NC",https://t.co/9CnMPoreW4,,,1
195271137,Larry Elder,larryelder,Sun Sep 26 07:34:31 +0000 2010,544635,89,5593,55201,3160,,Sage from South Central; Larry Elder Show; Salem/CRN; (KRLA L.A. 6-9p PT); 6-9p ET; (888) 971-SAGE; https://t.co/sXv5JWRKRA,"L.A., Calif.",https://t.co/htHywSGbPA,,,1
4121225056,Corey R. Lewandowski,CLewandowski_,Thu Nov 05 18:19:17 +0000 2015,404839,51,316,2350,2340,,"TV Commentator, Campaign Manager Donald J. Trump for President 2016, 2X NYTimes Best Selling Author. Order Trump’s Enemies today!","Washington, DC",https://t.co/DKEEYIPuND,,,1
1322420269,i24NEWS English,i24NEWS_EN,Tue Apr 02 12:43:33 +0000 2013,45045,63,3113,83724,1338,,"Global news broadcasting live from around the world bringing you the day’s biggest stories from the U.S., Europe, and the Middle East.",Jaffa Port,https://t.co/wwJoCm0HJ1,,,1
3118589409,Eric Holcomb,HolcombForIN,Thu Mar 26 13:50:50 +0000 2015,8480,949,1305,3643,134,,Governor Holcomb Campaign Account. Follow @GovHolcomb for official tweets,,https://t.co/qO66FafnMl,,,1
20217019,Doug Ducey,dougducey,Fri Feb 06 04:35:14 +0000 2009,55119,1627,6620,14507,869,,Governor of Arizona,"Arizona, USA",https://t.co/4V4ij8i9ta,,,1
819980276570976256,Secretary Acosta,SecretaryAcosta,Fri Jan 13 18:51:47 +0000 2017,28677,43,46,1332,360,,27th Secretary of @USDOL. Husband and Father. First Generation Lawyer and Miami Native. Former Dean of @FIULaw.,"Washington, DC",https://t.co/VwSpQwAcBb,,,1
