User Id,Name,Screen Name,Created At,Followers,Following,Favorites,Tweets,Lists,Language,Bio,Location,URL,Timezone,UTC Offset,Verified
248495200,Seth Moulton,sethmoulton,Mon Feb 07 03:35:59 +0000 2011,143216,2254,3958,10554,2402,,"Father, husband, Marine, Congressman, and candidate for President of the United States.","Salem, MA",https://t.co/8iPP0gHb78,,,1
3817401,Eric Geller,ericgeller,Sun Apr 08 20:27:11 +0000 2007,77821,852,2,250815,2268,,"Cybersecurity reporter at @politico covering White House, DOJ, State, & Commerce, plus election security, breaches, & more. Contact me: https://t.co/KOwD1XBRn1","Washington, D.C.",https://t.co/o0CAm0qH3i,,,1
24950622,Dan McCready,McCreadyForNC,Tue Mar 17 20:44:07 +0000 2009,51485,438,489,1566,297,,"USMC veteran, solar energy entrepreneur, husband, dad of four. Running for US Congress in the #nc09 special election. Let’s put country over party.","Charlotte, NC",https://t.co/gHaCTQtkc0,,,1
545625585,OpenGov Foundation,OpenGovFdn,Thu Apr 05 00:02:45 +0000 2012,6245,1076,3761,6372,394,,"Building tech for 21st Century legislatures that better serve citizens, staffers, & elected officials—https://t.co/1BPDhdXPb8.","Washington, DC",https://t.co/bnMRoJUeqC,,,0
29501253,Adam Schiff,RepAdamSchiff,Tue Apr 07 17:54:35 +0000 2009,1368582,784,147,5164,7465,,Representing California's 28th Congressional District. Chairman of the House Intelligence Committee (@HouseIntel).,"Burbank, CA",https://t.co/uxaSLX8uQ7,,,1
377778216,Gideon Resnick,GideonResnick,Thu Sep 22 02:57:50 +0000 2011,40892,1233,6018,64003,1131,,"National political reporter covering Dems & the Left @thedailybeast. Send tips/love letters to gideon.resnick@thedailybeast.com, DM for Signal",,https://t.co/N8ABUSssR5,,,1
1135486501,Rep. Scott Peters,RepScottPeters,Wed Jan 30 23:28:14 +0000 2013,25647,941,1824,10367,901,,"Serving #CA52. @EnergyCommerce, @HouseBudgetDems, & @HouseNewDems.
Country over Party / Rule of Law / Opportunity to Earn / Strength Abroad / Respect & Kindness","San Diego, Poway, Coronado",https://t.co/IHSIVXNojp,,,1
19776539,Drew Russo,DrewRusso781,Fri Jan 30 17:08:02 +0000 2009,1179,1804,2189,4517,19,,"Personnel Director, City of Lynn. Fmr Jesuit Volunteer. @reptierney @lynnmuseum alum. Tweets are my own. RTs do not = endorsements.","Lynn, MA",,,,0
174110843,Jon Lovett,jonlovett,Tue Aug 03 03:41:01 +0000 2010,673608,1365,5907,22998,6174,,"@podsaveamerica on HBO and not on HBO, Lovett or Leave It, founder of @crookedmedia, former presidential speechwriter. Mostly water.",,https://t.co/dZmbRJOcgu,,,1
3091316093,TeamMoulton,teammoulton,Fri Mar 13 14:26:54 +0000 2015,8389,3132,3613,4309,306,,The Office of Congressman Seth Moulton (D-MA),"Salem, MA",https://t.co/yTDGdlOgEL,,,1
939091,Joe Biden,JoeBiden,Sun Mar 11 17:51:24 +0000 2007,3610139,22,15,1932,13578,,"Senator, Vice President, 2020 candidate for President of the United States, husband to @DrBiden, proud father & grandfather. Loves ice cream, aviators & @Amtrak","Wilmington, DE",https://t.co/UClrPuJpyZ,,,1
115564212,Edward-Isaac Dovere,IsaacDovere,Fri Feb 19 03:10:56 +0000 2010,54650,946,0,42297,1625,,"Staff Writer, The Atlantic - isaac(AT)https://t.co/BNPtcwJm7E",,,,,1
20378448,Philip Klein,philipaklein,Sun Feb 08 17:18:23 +0000 2009,41402,802,577,52638,1833,,"Executive Editor, Washington Examiner. Author of Overcoming Obamacare.","Washington, DC",http://t.co/hX2jvC00rv,,,1
2328421,Patrick Monahan,pattymo,Mon Mar 26 17:42:52 +0000 2007,150696,1124,355251,34352,1331,,not the Train guy. cherries jubilee and that's it | @whatatimepod (https://t.co/WOpVe6hegs) | gram: @pattymo | contact: pattymo@pattymo.com,"New York, NY",https://t.co/c7Xkn26iqk,,,1
165944767,Ashley Feinberg,ashleyfeinberg,Mon Jul 12 23:19:50 +0000 2010,173122,995,34308,36879,2260,,send tips to ashley@slate.com | DM for Signal #,"Brooklyn, NY",https://t.co/KGqvCKocjj,,,1
248884036,Ronald Klain,RonaldKlain,Mon Feb 07 22:45:03 +0000 2011,103700,2059,83835,39638,1217,,"Gen Counsel, Revolution.  
Biden 2020!  Ex-Ebola Czar, Obama/Biden + Clinton/Gore WH.
Married to @monicamedinadc; Dad of 3 adults. Tweets are my personal views.","Washington, DC",http://t.co/WomGvixefs,,,1
2800581040,Bill Kristol,BillKristol,Thu Oct 02 18:47:57 +0000 2014,484550,4117,2,23641,5659,,"Director, https://t.co/PWRcR3IxJj, https://t.co/Cxyk3n1K1G. Host, https://t.co/2cRflRmz1y.",,,,,1
9300262,POLITICO,politico,Mon Oct 08 00:29:38 +0000 2007,3842981,1426,29,308190,39459,,"Nobody knows politics like POLITICO. Got a news tip for us? 
👉 https://t.co/fp9nugJuND","Washington, D.C.",https://t.co/PPMyQsPlIg,,,1
39279821,Brian Klaas,brianklaas,Mon May 11 16:09:16 +0000 2009,188459,999,4749,21126,2957,,Political scientist @UCL; DPhil from Oxford. Author: How to Rig an Election & The Despot's Apprentice. Washington Post columnist. Host of Power Corrupts podcast,"London, England",https://t.co/OJZSuZIGci,,,1
759251,CNN,CNN,Fri Feb 09 00:35:02 +0000 2007,42172563,1108,1437,248974,138555,,It’s our job to #GoThere & tell the most difficult stories. Join us! For more breaking news updates follow @CNNBRK  & Download our app ?https://t.co/UCHG9M367J,,http://t.co/IaghNW8Xm2,,,1
42995067,Brian Fallon,brianefallon,Wed May 27 23:33:11 +0000 2009,166999,1067,2371,11988,2470,,"Executive Director, @wedemandjustice. Former aide to @EricHolder, @HillaryClinton and @chuckschumer.","Washington, DC",,,,1
950051382,Dennis Magnasco,Dennis_Magnasco,Thu Nov 15 16:37:53 +0000 2012,1925,1619,4856,2720,21,,"Current: @pattillmanfnd scholar, @Harvard & @Dartmouth - MPP/MBA candidate // Former: @teammoulton & @sethmoulton staff, @USArmy Medic",,,,,0
67587627,Hub Tweets,HubTwit,Fri Aug 21 11:51:30 +0000 2009,207,5,0,73308,31,,,,,,,0
22129280,Jim Sciutto,jimsciutto,Fri Feb 27 11:07:05 +0000 2009,303450,772,2825,27917,5295,,"Co-Anchor CNN Newsroom & CNN Chief National Security Correspondent. Author, “The Shadow War” May 14: https://t.co/i7OXFQa3yR","Washington, DC & New York, NY",https://t.co/QzackVpdlc,,,1
155784594,Tommy Vietor,TVietor08,Tue Jun 15 02:33:30 +0000 2010,426526,1485,14129,30944,4788,,Cohost of Pod Save America. Host of Pod Save the World. Founder of Crooked Media. Former NSC spokesman for President Obama. Writer of long bios.,"Los Angeles, CA",https://t.co/lIjQRGCmP2,,,1
767,Xeni Jardin,xeni,Fri Jul 14 05:49:14 +0000 2006,138968,11573,135747,243523,5831,,“Flamethrowing writer” — @sulliview. ☸️📿 🙏 Support my voice: https://t.co/n4bVjE8RfQ 👩‍💻 @boingboing since 2003. Cancer survivor. xeni@xeni.net,"LA California, 🌵 Utah, & 🌎",,,,1
2970462034,Kathleen Rice,RepKathleenRice,Fri Jan 09 21:18:27 +0000 2015,27239,1264,281,2859,661,,U.S. Representative for #NY04 (Long Island). Former Nassau County DA.,"Long Island, NY",http://t.co/XBMpgvbVZ1,,,1
26439887,Daniel Fanning,DanielFanning,Wed Mar 25 05:38:31 +0000 2009,2894,4070,33867,12273,89,,Proud dad & husband. Executive Director of @LSCFoundation & @LSC_Duluth Institutional Advancement/Public & Government Relations.,"Duluth, MN",https://t.co/XsI35rR4TF,,,0
102751077,Jeremy Burton,BurtonJM,Thu Jan 07 18:19:02 +0000 2010,5463,1323,5919,66387,203,,ED @BostonJCRC #LGBTQ & #Latinx “The best source 4 #Boston centric insider/outsider #Jewish communal-#interfaith-political (#mapoli)-#superhero news on twitter”,"Boston, MA",https://t.co/9DIYUHfnkM,,,1
171045662,Simon Clark,SimonClarkFP4A,Mon Jul 26 12:27:18 +0000 2010,1518,1031,6332,21234,129,,"Chair Foreign Policy for America (https://t.co/qcQ20hhSBr), Senior Fellow Center for American Progress, former VC","Washington, DC",,,,0
299802277,Bradd Jaffy,BraddJaffy,Mon May 16 18:07:07 +0000 2011,253346,1239,7038,26949,4763,,"NBC News • Senior news editor and writer, NBC Nightly News",New York,,,,1
2996174614,Torrance Hanley,torrance_hanley,Sat Jan 24 16:47:38 +0000 2015,1073,2164,8961,2849,31,,"aquatic community ecologist, associate research scientist @NUMarSci working w/ @hughes_lab and @Grabowski_Lab, MetroBoston regional coordinator for MassBays","Nahant, MA",,,,0
1367531,Fox News,FoxNews,Sat Mar 17 19:01:26 +0000 2007,18460596,398,0,418053,65547,,"Follow America's #1 cable news network, delivering you breaking news, insightful analysis, and must-see videos. https://t.co/3gb0b8MMza",U.S.A.,http://t.co/ZYG58XZtAC,,,1
22703645,Tucker Carlson,TuckerCarlson,Wed Mar 04 00:03:12 +0000 2009,2658025,97,76,3957,9239,,"Host of ""Tucker Carlson Tonight"", weeknights at 8 PM ET @FoxNews. My #1 NYT best selling book #ShipOfFools is out now! Re-tweets are emphatic endorsements.","Washington, DC",https://t.co/Z7lN6LyFA6,,,1
426802833,AP Politics,AP_Politics,Fri Dec 02 18:26:10 +0000 2011,358481,617,15,77760,5830,,"Highlights from AP's coverage of U.S. politics and government in words, photos and video. Managed by the Washington bureau. https://t.co/lTcEv1VGoB","Washington, D.C.",https://t.co/oS489jIdWx,,,1
345401648,Jack Slater,Jack_Slater,Sat Jul 30 14:53:55 +0000 2011,22406,992,12195,7420,201,,"Digital comms, Labour activist, @GMB_Union and former BRIT School student. Views my own. Showreel: https://t.co/CebPEixuSR",London,https://t.co/2eUuNlocsy,,,1
296546679,Andy Flick,andyflick,Tue May 10 23:53:52 +0000 2011,820,1545,3401,4698,21,,"@DavidJTrone's COS. @WUSTL and @BadinHS alum. Formerly w/ @IkeSkelton, @RepJimCosta, @sethmoulton. Lover of all things Ohio. Tweets are my own.","Washington, DC",,,,0
18686907,David Frum,davidfrum,Tue Jan 06 18:03:36 +0000 2009,754133,794,3555,62517,11746,,Read more at The Atlantic. Reach me via https://t.co/vh4Jlp8rdP,,https://t.co/FgD7tvo1zQ,,,1
15766082,Josh Rogin,joshrogin,Thu Aug 07 17:17:22 +0000 2008,204677,13748,8984,43176,3801,,"Columnist - Washington Post, Political Analyst - CNN, Instagram - @joshrogin","Washington, DC",https://t.co/hJMzKbvjIe,,,1
1051396218,Evan McMullin,EvanMcMullin,Mon Dec 31 23:31:03 +0000 2012,473887,7471,11411,7889,5098,,"Executive Director @StandUpRepublic w/@mindyfinn. Former CIA ops officer, GOP policy director, independent presidential candidate.🇺🇸press@standuprepublic.com",United States,https://t.co/6d7sYP4CXx,,,1
14529929,Jake Tapper,jaketapper,Fri Apr 25 17:23:28 +0000 2008,2075702,7575,24904,194863,21930,,CNN Anchor of @TheLeadCNN and @CNNSOTU and Chief Washington Correspondent; author of the NYT best-selling novel @TheHellfireClub and non fiction @TheOutpostBook,,https://t.co/MMatLD6M20,,,1
57716692,Chris Dempsey,cdempc,Fri Jul 17 18:27:33 +0000 2009,3083,1190,14272,6083,66,,"Director of @T4Mass. Advocate for better, smarter transportation in Massachusetts.","Brookline, MA",,,,0
15743181,AndreaWBZ,AndreaWBZ,Tue Aug 05 23:19:15 +0000 2008,12644,7054,5897,49416,481,,"@WBZ | Assignment Editor | Music, politics, photography, New England lover. #newsjunkie | First job: newspaper delivery girl.",Boston,https://t.co/GVT2wA2lpT,,,1
401625957,Steven Rattner,SteveRattner,Sun Oct 30 20:51:15 +0000 2011,69140,274,142,8506,1298,,Former head of Obama Auto Task Force. Wall Street financier. Contributing Writer to NY Times Op-Ed. Morning Joe Economic Analyst. 🌐,New York,https://t.co/FHS9KtnMfe,,,1
32871086,Kyle Griffin,kylegriffin1,Sat Apr 18 12:45:48 +0000 2009,589503,890,38532,50555,6955,,Producer. MSNBC's @TheLastWord. Opinions mine. Do not congratulate.,"Manhattan, NY",https://t.co/lgyZmnczMB,,,1
2802805651,Eric Kanter,ericbkanter,Thu Sep 11 01:18:24 +0000 2014,654,779,1924,797,14,,LD for @repgolden. @sethmoulton and @DevalPatrick alum. @phillipsacademy and @johnshopkins graduate. MA in DC. Tweets are my own,Washington DC,,,,0
454099919,Michael McFaul,McFaul,Tue Jan 03 16:36:02 +0000 2012,377327,1090,22692,69066,4448,,Professor.  https://t.co/DK5gWIaFX5,"Stanford, California",http://t.co/NRg5C152uL,,,1
19914257,Matt Viser,mviser,Mon Feb 02 16:20:23 +0000 2009,81458,2218,3564,30008,2685,,National political reporter at @washingtonpost | Reachable at matt.viser@washpost.com,Washington ,https://t.co/Hq7hTYkOPg,,,1
24789175,James Fallows,JamesFallows,Mon Mar 16 22:56:03 +0000 2009,170049,1107,81,26804,4139,,"Book w/ @FallowsDeb 'Our Towns: A 100,000-Mile Journey Into the Heart of America.' Views here=100% personal, not representing any institution.",,https://t.co/egDQMcvo0N,,,1
26637348,Tulsi Gabbard,TulsiGabbard,Thu Mar 26 00:14:32 +0000 2009,407875,3345,3222,8942,4332,,"Soldier. Veteran. Surfer. Congress. Candidate for President. (Use of TG's military rank, title, or photo do not imply Army or DoD endorsement.)",Hawai'i,https://t.co/cB1NbxNpqb,,,1
33050736,Haley Scott,HaleySScott,Sat Apr 18 23:30:16 +0000 2009,789,1701,5194,3170,12,,Advisor to the ED @DCCC // Cover photo by @ewynyny!,"Washington, DC",,,,0
16184358,CNN Business,CNNBusiness,Mon Sep 08 13:44:47 +0000 2008,1748158,968,306,158565,20140,,"Your guide to tech, media, finance and the future",Global,https://t.co/ZLgYiheZkS,,,1
34036358,Gabriel Sherman,gabrielsherman,Tue Apr 21 20:49:26 +0000 2009,93994,1324,33,14040,2346,,"Vanity Fair special correspondent. NBC News/MSNBC contributor, Author of NYT best seller THE LOUDEST VOICE IN THE ROOM @nymag alum gsherman99@gmail.com",New York City,https://t.co/27UUWXmWoP,,,1
150078976,Chris Murphy,ChrisMurphyCT,Mon May 31 01:22:43 +0000 2010,775625,204,1175,19023,5198,,U.S. Senator from Connecticut.,,,,,1
76348185,US Department of the Interior,Interior,Tue Sep 22 14:36:29 +0000 2009,5055891,134326,3871,22186,7758,,Protecting America’s Great Outdoors and Powering Our Future,"Washington, DC",http://t.co/gUty7d4LZ8,,,1
14247236,Scott Dworkin,funder,Fri Mar 28 21:38:52 +0000 2008,485481,73877,100125,210628,3922,,"Investigator, Author & Host #DworkinReport podcast. Co-Founder @TheDemCoalition. Used #TrumpLeaks to help expose #TrumpRussia. Proud member of #TheResistance.",,https://t.co/C8LaSjzXvH,,,1
489475164,Col. Morris Davis,ColMorrisDavis,Sat Feb 11 15:28:44 +0000 2012,116726,920,53,81469,1845,,"Former GTMO Chief Prosecutor/Colonel (ret). Sr NATSEC Specialist for 111th Congress. Opinions in NYT, WSJ, LAT, Fox News, MSNBC & CNN. Tweets personal capacity.","Asheville, NC",https://t.co/aYNmi2um3X,,,1
455288410,Real Time,RealTimers,Wed Jan 04 23:19:08 +0000 2012,161249,991,7169,10766,1569,,"America, We Have to Talk. #RealTime with @BillMaher is LIVE Fridays at 10pm on @HBO. The contents of this account don't reflect the opinions of HBO.","Los Angeles, CA",https://t.co/wVXfPGk8wO,,,1
23005290,Benjamin Haas,BenjaminEHaas,Fri Mar 06 00:37:54 +0000 2009,3027,6177,17161,5943,47,,"Lawyer | @USArmy Vet | @StanfordLaw/@WestPoint_USMA Grad | @TrumanProject | Published in @NYTimes, @WashingtonPost, @ForeignAffairs, @Politico, @Just_Security","Washington, DC",https://t.co/D7P5nGi1aW,,,1
814856341898625025,J. Anton Aiello 🚇,aiellobytrain,Fri Dec 30 15:31:06 +0000 2016,450,319,2633,2740,6,,@narprail Northeast Field Coordinator.  Regional info at @RPANortheast. RTs are not endorsements. Tweets & opinions are mine. #MApoli #MArail #NSRL #TeamDukakis,"Cambridge, MA",https://t.co/S0RWcH6hjc,,,0
130496027,Jon Favreau,jonfavs,Wed Apr 07 13:10:43 +0000 2010,1170803,1428,13752,29822,10085,,I used to write speeches now I host pods.,"Los Angeles, CA",https://t.co/sE1eVDOig4,,,1
20744708,Jason Kander,JasonKander,Fri Feb 13 03:30:08 +0000 2009,325909,1734,16612,15772,2866,,"Went to war, held elected office, started a movement, hosted a podcast, wrote a bestseller. Getting healthy. @DianaKander's husband. True's dad.","Kansas City, MO",https://t.co/VYvEIASZC1,,,1
237845487,George Takei,GeorgeTakei,Thu Jan 13 19:33:56 +0000 2011,2892046,750,3861,43943,23018,,"Some know me as Mr. Sulu from Star Trek but I hope all know me as a believer in, and a fighter for, the equality and dignity of all human beings.","Broadway - New York, NY",https://t.co/MXbB9zIvs9,,,1
849538279,Nancy Frates,momfrates,Thu Sep 27 16:22:56 +0000 2012,3709,1241,8486,6274,35,,,Boston,https://t.co/YzusbVQJ2u,,,0
112526560,Kenneth P. Vogel,kenvogel,Mon Feb 08 20:39:32 +0000 2010,99620,1545,2018,32000,2514,,"@nytimes. @GlensGardenMkt. philly sports. Big Money: $2.5B, 1 Suspicious Vehicle & a Pimp: https://t.co/hLkpfYc7Bq","Washington, DC",,,,1
99297884,Harold Pollack,haroldpollack,Fri Dec 25 14:45:28 +0000 2009,24817,2705,8234,76690,707,,"University of Chicago professor, fellow Century Foundation. RTs not equal endorsement. Index card book at:
http://t.co/mK4r6C7UwR http://t.co/EF8lQfRDfZ",,http://t.co/TMorS6QE5K,,,1
807095,The New York Times,nytimes,Fri Mar 02 20:41:42 +0000 2007,43627648,898,18241,363616,199940,,"""The Weekly"" is our new TV series. Episodes air Sundays at 10 p.m. on FX and on Hulu the next day. 

News tips? Share them here: https://t.co/ghL9OoYKMM",New York City,http://t.co/ahvuWqicF9,,,1
2832475948,Mark Elliott,markmobility,Wed Oct 15 18:52:31 +0000 2014,22956,12508,546,11863,426,,"Now @EconMobility. Before: NYC OMB, P/PV and @fordfoundation. #LFC #Eagles #Mets Sax beginner. Personal account.","New York, NY",,,,0
569569550,Lyft,lyft,Thu May 03 01:10:52 +0000 2012,287372,37439,33804,96773,1838,,"For support, we're happy to help over at @AskLyft.",,https://t.co/VZxgmDd2Ub,,,1
1072467470,Sean Patrick Maloney,RepSeanMaloney,Wed Jan 09 01:00:33 +0000 2013,29761,1769,2003,5764,934,,"Proud to represent New York’s 18th Congressional District. Public servant, entrepreneur, husband, dad. Working on Intel to restore accountability to Washington.","Cold Spring, NY",http://t.co/O14V3nEA,,,1
547860279,Reliable Sources,ReliableSources,Sat Apr 07 17:35:27 +0000 2012,68701,333,2526,4812,1517,,The story behind the story -- how news and pop culture get made. Sundays at 11am ET and online all the time! @BrianStelter is the host.,CNN,https://t.co/lYMx3bQjoO,,,1
1917731,The Hill,thehill,Thu Mar 22 18:15:18 +0000 2007,3297368,252,25,587035,26069,,"The Hill is the premier source for policy and political news. Follow for tweets on what's happening in Washington, breaking news and retweets of our reporters.","Washington, DC",http://t.co/t414UtTRv4,,,1
5392522,NPR,NPR,Sun Apr 22 05:10:15 +0000 2007,7774020,70956,2534,179089,66476,,"News. Arts & Life. Music. Everything and more from NPR.

🕵️ Securely send us news tips: https://t.co/LPkf6Tsozm",,http://t.co/SoL86ga4RI,,,1
375662595,Eric Lipton,EricLiptonNYT,Sun Sep 18 14:38:03 +0000 2011,148790,983,450,22744,2878,,Investigative reporter NYT. Helping cover President Trump and the Trump administration-without fear or favor. I write about people and power.,"Washington, DC",https://t.co/8s6H8PW6Fs,,,1
4207961,Chris Hayes,chrislhayes,Wed Apr 11 16:43:58 +0000 2007,1870187,1229,21413,123226,18739,,"Host of @allinwithchris on MSNBC, Weeknights at 8pm. Editor at Large at The Nation. Cubs fan. 
Insta: chrislhayes  
FB: https:https://t.co/s1OQXsgvxV",Brooklyn,http://t.co/1Wz5MmBtpw,,,1
4091551984,Laurence Tribe,tribelaw,Sun Nov 01 17:43:49 +0000 2015,559986,1826,15129,26817,4188,,"""No matter what people tell you, words and ideas can change the world."" -- Robin Williams",,https://t.co/5kDQlyrUkn,,,1
171598736,Senator Bob Casey,SenBobCasey,Tue Jul 27 18:38:20 +0000 2010,407374,611,622,9055,3046,,Official twitter profile for U.S. Senator Bob Casey.,"Scranton, PA",https://t.co/EghtimAhrt,,,1
436925910,Alec MacGillis,AlecMacGillis,Wed Dec 14 19:05:49 +0000 2011,67037,5816,7161,35674,1909,,"@ProPublica, ex-BaltSun, WaPo, TNR. Author of The Cynic. Header: Baltimore mural by Michael Owen on photo by I. Henry Phillips Sr.
alec.macgillis@propublica.org","Baltimore via Pittsfield, Mass",https://t.co/B8sq9TpffH,,,1
475454826,Colin Kahl,ColinKahl,Fri Jan 27 02:33:53 +0000 2012,74439,924,4966,16285,1315,,“Likely Ops Chief” of the Echo Chamber. Former DepAsst to Pres Obama & NatSecAdvisor to VP Biden. Now Co-Director & Steven C. Házy Senior Fellow @StanfordCISAC.,"Emerald Hills, CA",https://t.co/R0liKrii5l,,,1
59838516,Joshua McGee,joshuamcgee0325,Fri Jul 24 17:28:32 +0000 2009,363,992,963,7009,16,,,"London, England",,,,0
1175221,Alex Howard,digiphile,Wed Mar 14 19:12:20 +0000 2007,239287,1503,116557,170235,5310,,"Dad, husband, writer, citizen, chef, cyclist, skeptical optimist, cereal dilettante. #OpenGov @ePluribusUnum. Texts on tech + democracy: https://t.co/yQyELpV0aW","Washington, DC",https://t.co/QWOxhaw2kk,,,1
18956073,Washington Examiner,dcexaminer,Tue Jan 13 22:16:00 +0000 2009,164139,176,428,414188,3872,,Political news and commentary from the Washington Examiner. https://t.co/ou7lbgJSLh,"Washington, DC",http://t.co/yIzleEakTJ,,,1
141667751,Becki L,MAlib4eva,Sat May 08 17:53:51 +0000 2010,5996,6410,20410,65912,60,,"Partisan Dem. - huge Pats fan - my mantra they laugh cuz I am different, I laugh cuz they R all the same GOAL: funeral picketed by Westboro Church: no DMs pls",MA,,,,0
2199541,Helen Kennedy,HelenKennedy,Sun Mar 25 19:14:46 +0000 2007,19899,1031,92860,91546,332,,Newspaperman (ex NY Daily News & Boston Herald). I had a Trump joke here but it suddenly stopped being funny. (helenkennedy@gmail),NYC and the North Fork,https://t.co/yY9ppNwM4o,,,1
32974114,Mike P Williams,Mike_P_Williams,Sat Apr 18 18:52:49 +0000 2009,30987,577,43870,148053,596,,"Content Producer | Seen at: Moonpig, Yahoo!, Shortlist, GamesRadar+, VODzilla, Metro, BBC | All views someone else's.",London,,,,1
176578543,Peter Billerbeck,PeterJBX,Mon Aug 09 22:32:27 +0000 2010,1058,2073,7153,9634,45,,"Current @HouseForeign | Fmr @TeamMoulton Sr Advisor | Fmr @TimKaine Defense & Foreign Policy Aide | Democratic rights, original thinkers, MidEast & LatAm",,https://t.co/r2S4Fm6T5J,,,0
864501746592354305,FishingCoalition,FishermenofFCC,Tue May 16 15:24:12 +0000 2017,138,176,239,192,2,,"The Fishing Communities Coalition is the voice for community-based, small-boat commercial fishermen committed to the sustainable management of U.S. fisheries",,https://t.co/e3j0ZXHIlU,,,0
488135046,Morgan Bell,MorganBell8,Fri Feb 10 03:47:02 +0000 2012,312,454,1461,1923,7,,"@teammoulton Regional Director and Ocean Queen for #ma6, @wheaton Alum. Gloucester native. Opinions are my own.",,,,,0
800707492346925056,Axios,axios,Mon Nov 21 14:28:37 +0000 2016,278394,828,470,50312,4957,,"Smart Brevity worthy of people's time, attention and trust. 

Visit our stream: https://t.co/MOsBGwib0S

Subscribe to our newsletters: https://t.co/hi21XepUhE",,https://t.co/A2aCI9Z3fA,,,1
123327472,Peter Baker,peterbakernyt,Mon Mar 15 18:55:27 +0000 2010,282107,2453,4152,24566,4420,,Chief White House Correspondent for The New York Times and MSNBC analyst. Proud husband of Susan Glasser of the New Yorker and CNN.,,https://t.co/UmqCI5AhUx,,,1
701725963,NowThis,nowthisnews,Tue Jul 17 20:31:08 +0000 2012,2353355,12234,12623,125718,9300,,Stories that move. Send us your tips: contact@nowthismedia.com,The Internet & NYC,http://t.co/1NLX7sJ52o,,,1
2243152405,Zachary Abuza,ZachAbuza,Fri Dec 13 01:06:10 +0000 2013,3856,422,1030,9781,167,,Southeast Asian politics & security. Prof at National War College. Dog & beer lover. Cyclist. Views mine not DOD/NWC.,Washington DC or Warren VT,https://t.co/6nls45dg3T,,,0
16513335,VoteVets,votevets,Mon Sep 29 16:00:48 +0000 2008,160506,3628,11156,15451,1549,,"Blocked by @realDonaldTrump. Since 2006, 600K veterans, military families, & supporters have been electing Veterans to office & fighting for progressive values.",United States,https://t.co/7RdMwFqnKv,,,1
761783018,New Dem Coalition,NewDemCoalition,Thu Aug 16 15:42:06 +0000 2012,7707,4358,2838,7437,239,,"The New Democrat Coalition is committed to pro-growth, innovative, and fiscally-responsible policies. We believe in ideas over ideology.",U.S. House of Representatives,https://t.co/zpAzSMQTQq,,,1
3254830066,Veterans for Bernie Sanders #vets4bernie,vets4bernie,Thu May 14 21:57:43 +0000 2015,28643,3022,40114,52812,304,,We are military veterans who want a new direction for our nation and the world. join us at https://t.co/q6aXFbz6yV,United States,https://t.co/6qLqqZ9Wze,,,0
818975124460335106,Rep. Don Bacon,RepDonBacon,Wed Jan 11 00:17:40 +0000 2017,8140,545,5235,6084,347,,"Serving constituents of NE-02. Married to Angie & we’re parents of four, grandparents of five. Brigadier General USAF (Ret.) User policy https://t.co/AeMcX3biFi","Papillion, NE",https://t.co/urUnLTdvSE,,,1
269859538,Don Bradley,donbradleypr,Mon Mar 21 15:41:53 +0000 2011,672,1382,172,2756,12,,"business writer, public relations counselor, fan of art and technology, and love my family and nature.","Andover, MA",http://t.co/w9n1JFDIHo,,,0
18464266,Peter Daou,peterdaou,Tue Dec 30 00:21:14 +0000 2008,253202,990,29323,74470,3527,,War survivor. Former Clinton and Kerry adviser. Jazz musician. Married to @leeladaou. Author of Digital Civil War. https://t.co/kAk9BOVTkF,,http://t.co/PAymxiYMXb,,,1
500704345,Pope Francis,Pontifex,Thu Feb 23 11:38:07 +0000 2012,18059187,8,0,2040,26232,,Welcome to the official Twitter page of His Holiness Pope Francis,Vatican City,https://t.co/yRhGwps83P,,,1
1543986138,stuart stevens,stuartpstevens,Mon Jun 24 20:02:48 +0000 2013,69984,8389,22794,38499,1699,,"With FBI under attack, photo is of my dad as young FBI agent in NYC chasing spies. Writer, @AAKnopf.",,https://t.co/jiL54ouGpE,,,0
409486555,Michelle Obama,MichelleObama,Thu Nov 10 20:13:01 +0000 2011,12767412,18,107,1121,24219,,"Girl from the South Side and former First Lady. Wife, mother, dog lover. Always hugger-in-chief.","Washington, DC",https://t.co/0UVvR5L6vm,,,1
762462903093997569,Chris Lee,politico_chris,Mon Aug 08 01:38:16 +0000 2016,2946,850,47683,19865,98,,Lover of Appalachia and the rural South. @LorettaLynn fan. Working to elect Democrats up and down the ballot in farm country. #RuralMatters🚜,,,,,0
226222147,Pete Buttigieg,PeteButtigieg,Mon Dec 13 16:49:04 +0000 2010,1191479,2570,895,9121,4650,,"Running for president of the United States. Afghanistan vet, musician, businessman, husband to Chasten, and South Bend's ""Mayor Pete."" (BOOT-edge-edge)","South Bend, Indiana",https://t.co/Uo3I216zgj,,,1
16578138,Tom Hopcroft,thopcroft,Fri Oct 03 14:18:30 +0000 2008,1312,1386,873,6219,122,,"Champion for future of technology, talent & inclusion, CEO @MassTLC, Board of Higher Ed, MassRobotics, Tech Councils of N. America, Enjoy good food & wine (GF)!","Winchester, MA",https://t.co/TYoXiK1BY8,,,0
15603311,USGLC,USGLC,Fri Jul 25 20:31:43 +0000 2008,14343,3551,4341,14135,388,,"The U.S. Global Leadership Coalition unites business, military, faith, and political leaders to strengthen U.S. investments in global development and diplomacy.","Washington, DC",http://t.co/N0rnZ5Wxl6,,,1
23352131,Colin Dickey,colindickey,Sun Mar 08 20:46:36 +0000 2009,11067,1667,74145,2210,303,,"Author of Ghostland: An American History in Haunted Places (Viking). Next book: The Unidentified, on ufos/cryptids/Lemurians, 2020. Opinions are mine. he/him",Some Spooky House Somewhere,https://t.co/PQhcYUtLxC,,,1
21619519,Joe Scarborough,JoeNBC,Mon Feb 23 01:23:24 +0000 2009,2544748,432,151,46040,11351,,Blessed are the peacemakers,USA,,,,1
24914032,Matt Corridoni,mattcorridoni,Tue Mar 17 17:08:55 +0000 2009,1588,1338,3760,13998,56,,"Moulton for America National Press Secretary & @sethmoulton Senior Spokesman. Past: @serve_america/ @TeamMoulton, Pete for DNC, @LevarStoney, & @martinomalley","Washington, DC",https://t.co/kkKq3IPHQy,,,0
372483103,Mark Harris,MarkHarrisNYC,Mon Sep 12 21:17:08 +0000 2011,105249,1469,30519,39168,2029,,"Books: Pictures at a Revolution ('08), Five Came Back ('14, Netflix '17), Mike Nichols ('20). Journalist: @vulture etc. Tweets: Cheerful, curious, mad, serious.",New York City,https://t.co/hj3cLa5Iy8,,,1
19052925,Rick Jakious,rjakious,Fri Jan 16 03:30:51 +0000 2009,825,395,276,1103,24,,"@sethmoulton @teammoulton district director, @cityyear @Americorps alumnus, #nationalservice #ma06 #mapoli. Opinions 👍 own. RT 👎endorsement.",Boston,https://t.co/l5V7roJEkn,,,0
18812301,Katie Couric,katiecouric,Fri Jan 09 19:41:19 +0000 2009,1736133,3549,8347,38881,12474,,"Journalist, @SU2C founder and head of Katie Couric Media! Be the first to receive my newsletter, Wake-Up Call by signing up through the link in my bio!","New York, NY",https://t.co/cwcf4RdhuK,,,1
46176168,Major Garrett,MajorCBS,Wed Jun 10 17:50:33 +0000 2009,189713,3163,3028,27991,5884,,"Chief WH Correspondent CBS News host @TakeoutPodcast author ""Mr. Trump’s Wild Ride” Available NOW. San Diego native @Mizzou grad @Padres @MUTigers","Washington, DC",,,,1
21313053,Larry Sabato,LarrySabato,Thu Feb 19 16:27:33 +0000 2009,145440,14600,8167,25648,4098,,"Director, UVA Center for Politics. Author, The Kennedy Half Century https://t.co/d9SktjCoyG. Read the Crystal Ball every Thursday (link below).","Charlottesville, VA",https://t.co/H0pNiSRpoK,,,1
162620363,Sophia Armen,SophiaArmen,Sun Jul 04 05:59:47 +0000 2010,2801,560,6084,11510,99,,"committed anti-imperialist, anti-racist feminist organizer.  making trouble with @SWANAAlliance⚡️ IG: sophiaarmen","Los Angeles, CA",https://t.co/CbRJfvsaL7,,,0
26548315,Soledad O'Brien,soledadobrien,Wed Mar 25 17:50:59 +0000 2009,999909,451515,10139,71375,10345,,"Thank you, next.", New York,https://t.co/zhCLNXZOfK,,,1
225265639,Daniel Dale,ddale8,Sat Dec 11 04:18:41 +0000 2010,576334,1190,18729,94389,7176,,"Reporter for CNN, fact-checking politicians.",Washington DC,https://t.co/WEmRlEfx7X,,,1
109025212,John Dingell,JohnDingell,Wed Jan 27 18:53:50 +0000 2010,261990,2688,3325,5975,2382,,Former Congressman. @RepDebDingell's husband. Fan of @umich and all things Detroit. Pre-order my new book THE DEAN here: https://t.co/lU06atB3BQ,Southeast Michigan,https://t.co/erLEiYzGRW,,,1
813286,Barack Obama,BarackObama,Mon Mar 05 22:08:25 +0000 2007,106784099,613560,11,15644,229053,,"Dad, husband, President, citizen.","Washington, DC",https://t.co/93Y27HEnnX,,,1
16006592,Benjy Sarlin,BenjySarlin,Wed Aug 27 02:27:23 +0000 2008,103507,1928,14525,57698,3150,,Political reporter for @NBCNews. I cover elections and their consequences. Take it off Twitter at Benjy.Sarlin@nbcuni.com.,"Washington, DC",,,,1
14515799,Brian Stelter,brianstelter,Thu Apr 24 18:41:42 +0000 2008,649502,6446,245248,181228,13942,,"Anchor of @ReliableSources and @CNN's chief media correspondent. Formerly @nytimes, @tvnewser and Top of the Morning. Email: bstelter@gmail.com",New York City,https://t.co/oAdPr7RfVz,,,1
783214,Twitter,Twitter,Tue Feb 20 14:35:54 +0000 2007,56247690,140,5956,10660,90924,,What’s happening?!,Everywhere,https://t.co/TAXQpsHa5X,,,1
22143372,Roger Dean Huffstetler,rdhjr,Fri Feb 27 14:18:48 +0000 2009,32231,1160,215167,9401,286,,"Husband to @drhuffstetler. @USMC Veteran of Iraq & Afghanistan. @UnivWestGa and @HarvardHBS alum. Worked at @Twilio, founded Zillabyte.","Charlottesville, VA",https://t.co/znKAq2ON54,,,1
1138567616,Sefatia Romeo Theken,STheken,Fri Feb 01 03:07:59 +0000 2013,1855,877,9218,6921,49,,"Mayor, City of Gloucester","Gloucester, MA",https://t.co/srAqtDck82,,,0
59503067,Harvard CPL,harvardcpl,Thu Jul 23 15:54:22 +0000 2009,7849,749,162,2680,242,,Advancing leadership research and training leaders for the common good.,"Cambridge, MA",http://t.co/KxY64dZtIb,,,0
1297613432,Tom Bateman,TJBateman45,Mon Mar 25 04:21:13 +0000 2013,235,889,2379,3218,5,,Prototype Newtype - Robotechnophile - NFLinLA Prophet,LA-OC,http://t.co/04p20ZZAQ7,,,0
156030129,New England Council,NECouncil,Tue Jun 15 20:55:42 +0000 2010,4451,3432,685,10984,116,,New England's voice on Capitol Hill for over 90 years. RT≠ endorsements.,"Boston, MA",https://t.co/GcTXUCr04i,,,0
21059255,Ted Lieu,tedlieu,Tue Feb 17 03:12:31 +0000 2009,1046346,9357,40780,22225,6414,,"Husband of Betty, the love of my life. Father of two great kids. USAF veteran. Member of Congress. In that order. Also, I don't take orders from Vladimir Putin.",California,https://t.co/YZX138uDSy,,,1
13850422,CNN Politics,CNNPolitics,Sat Feb 23 03:12:49 +0000 2008,2831246,342,9,152117,15890,,"Political news, campaign stories and Washington coverage from CNN's political team.","Washington, D.C.",https://t.co/KWFMkrEjdY,,,1
27948604,Kathie Obradovich,KObradovich,Tue Mar 31 20:00:06 +0000 2009,13835,1462,1300,28074,750,,"Opinion editor and columnist @DMRegister, covering Iowa state politics and the Iowa caucuses. Diehard Cyclones fan. Tweets and RTs are not endorsements.","Des Moines, Iowa",http://t.co/XV5xru6H0n,,,1
2940964728,Iowa Starting Line,IAStartingLine,Tue Dec 23 16:50:35 +0000 2014,19776,1991,5254,34273,504,,Your home for Iowa Caucus and Iowa politics news and analysis. Founded in 2015 by former IA Dem staffer @patrynard.,,https://t.co/DpEAYnDMWv,,,0
17164352,Clay Masters,Clay_Masters,Tue Nov 04 18:57:35 +0000 2008,6361,996,8805,16997,289,,Mornings & political reporting @IowaPublicRadio | #CaucusLand co-host | gotta get behind the mule,"Des Moines, IA",https://t.co/8FijM4NvRc,,,1
69024659,Brendan (of which the Moon is a part) Burke,BrendanFromMA,Wed Aug 26 16:24:28 +0000 2009,443,856,13707,5468,9,,"Digital strategy & comms @gpsimpact • @TeamMoulton, @FordhamNotes, @StudyAbroadDIS, & @UNDP alum • Lynn, MA native •  Hot takes my own",,,,,0
23176276,Meghan McCain,MeghanMcCain,Sat Mar 07 07:49:49 +0000 2009,673624,603,20049,23932,7306,,Co-host of @TheView. @ABCPolitics analyst. Blonde Republican. Rabble rouser. Ice queen. Mrs. Domenech. #FuckCancer 🇺🇸🌵,Arizonan,,,,1
227837742,Anderson Cooper 360°,AC360,Fri Dec 17 23:37:19 +0000 2010,1295740,158,425,66179,7037,,A behind the scenes look at Anderson Cooper 360°. Watch AC360° M-F at 8pm/ET on @CNN and follow Anderson on twitter: @AndersonCooper.,"New York, NY",http://t.co/PHe2WJCDZH,,,1
236101180,Alexis Benveniste,apbenven,Sun Jan 09 20:19:34 +0000 2011,5764,743,29928,15824,123,,"Reporter and social curator @tictoc + @business // ""master of the dad jokes"" according to @thestalwart // 💌 alexisbenven@gmail.com","New York, NY",https://t.co/BHkVVCuMxS,,,1
18655567,Steve Silberman,stevesilberman,Tue Jan 06 01:27:19 +0000 2009,106100,9092,24203,134350,3983,,"Author, NeuroTribes: The Legacy of Autism and the Future of Neurodiversity, a NYT bestseller, and The Taste of Salt, a history of cystic fibrosis coming 2022.",San Francisco,http://t.co/tes6x6HkZf,,,1
1387131756,Dylan O'Sullivan,OSullivanDy,Sun Apr 28 14:53:44 +0000 2013,312,967,7018,2882,4,,Current @NUSL student. Former @TeamMoulton and @DevalPatrick. @Northeastern grad. Proud Worcester native. Opinions are my own.,,,,,0
386888018,Ryan R. Migeed,RyanMigeed,Sat Oct 08 03:03:14 +0000 2011,952,2249,5597,6301,45,,Comms Dir for Sen. @EricLesser | freelancer @diplomatnews | advocate @FP4America in Boston | alum @MarkWarner '14 @AmericanU & @LSEnews,,https://t.co/xs1cI91u09,,,0
37052188,John Tackeff,jtackeff,Fri May 01 21:48:55 +0000 2009,989,1898,44476,37852,34,,Proud Granite Stater. Jewish Democrat. Tweets mostly Boston Sports + #nhpolitics. Alum of Dem Campaigns. GMU grad. AEPi. Tweets mine.,New Hampshire,,,,0
874916178,Michael Beschloss,BeschlossDC,Fri Oct 12 04:25:45 +0000 2012,401881,2379,5165,14001,5035,,"Author, most recently, of PRESIDENTS OF WAR (Crown). Ten books. @NBCNews Presidential Historian. Contributor to PBS @NewsHour. Williams College. Born Chicago.",PRESIDENTS OF WAR:,https://t.co/LPacpXMyCT,,,1
227682918,Bloomberg Opinion,bopinion,Fri Dec 17 14:20:58 +0000 2010,178532,431,8009,139357,3951,,"Opinions on business, economics and much more from the editors and columnists at Bloomberg Opinion.",Worldwide,https://t.co/eY4AY2rZeQ,,,1
201590102,Tuella Sykes,tsykes8888,Tue Oct 12 05:18:32 +0000 2010,645,1791,29820,109531,10,,"Love like there's no tomorrow. And if tomorrow comes, love again.",,,,,0
1059273780,Adam Grant,AdamMGrant,Fri Jan 04 01:59:16 +0000 2013,246306,789,266167,3558,4535,,"Organizational psychologist @Wharton. Books: GIVE AND TAKE, ORIGINALS, OPTION B. Podcast: WorkLife @TEDTalks. Diver. Success is helping others succeed.","Philadelphia, USA",https://t.co/OEBqDra8tq,,,1
10126672,U.S. Marines,USMC,Sat Nov 10 14:16:48 +0000 2007,1206592,219,1191,15010,6894,,"The official Twitter account of the United States Marine Corps. 

The appearance of links does not constitute endorsement.","Washington, D.C.",https://t.co/qoWkAdzU16,,,1
50055701,Mitt Romney,MittRomney,Tue Jun 23 18:24:04 +0000 2009,1969404,305,11,1812,14944,,"Husband, Father, Grandfather, Former Governor, U.S. Senator (R-UT). Follow @SenatorRomney for official updates.","Holladay, UT",https://t.co/dgU6xXHgmU,,,1
19394188,John McCain,SenJohnMcCain,Fri Jan 23 13:42:31 +0000 2009,3132711,377,101,14412,20054,,"Memorial account for U.S. Senator John McCain, 1936-2018. To support the causes to which Senator McCain dedicated his life & service, follow @McCainInstitute.","Phoenix, AZ / Washington, DC",,,,1
14173315,NBC News,NBCNews,Tue Mar 18 23:19:17 +0000 2008,6622532,1759,767,212312,41474,,The leading source of global news and info for more than 75 years. https://t.co/Hd7rJQeDzP,"New York, NY",https://t.co/Z73is4fJ3x,,,1
137794015,Rep. Ted Deutch,RepTedDeutch,Tue Apr 27 19:51:54 +0000 2010,63292,2595,907,8210,1620,,"Chairman of Ethics Committee. Chairman of Subcommittee on Middle East, North Africa & Int’l Terrorism. Member of Judiciary Committee. I rep Broward & Palm Beach","Florida, USA",https://t.co/yp6YjUk7GH,,,1
2853309155,Carlos Curbelo,carloslcurbelo,Fri Oct 31 14:01:43 +0000 2014,22058,499,6413,4592,687,,"Husband-Dad-Son of Cuban exiles-Catholic @nbcnews @msnbc @telemundo analyst, US Congress 2015-2019 @MDCPS Board 2010-2015 @univmiami @belenjesuitnews 🎾🏖🍷🍵",,https://t.co/kJm5UYKl5l,,,1
440236478,John Bonner,johnmbonner,Sun Dec 18 18:52:28 +0000 2011,141,734,4035,3081,2,,Constantly flirting with the line between Extraordinary and Reckless.,Austin Texas,,,,0
3082986275,Rachel R. Gonzalez,RachelRGonzalez,Tue Mar 10 02:01:27 +0000 2015,26977,15742,41932,18502,261,,I Student I Political Activist I @MODemParty Exec Committee I @YDMO board I Clinton DNC delegate 16’ I DNC summer intern 18’ I @MFOLKansasCity I @Eighteenx18,KCMO/Independence/St. Joe,,,,0
847098017274613761,Chrissy Houlahan,HoulahanForPa,Wed Mar 29 14:48:00 +0000 2017,18329,336,498,933,315,,"Air Force Veteran, business leader, educator. Daughter, wife, and mother of 2. Representative for #PA06","Pennsylvania, USA",https://t.co/QifXhlOG0R,,,1
95431448,The Boston Globe,BostonGlobe,Tue Dec 08 14:33:38 +0000 2009,744091,1236,420,368457,10621,,"Boston and New England's leading source for breaking news and analysis, with coverage from across the world. Visit us at https://t.co/8A4y3Fn1co.","Boston, MA",http://t.co/g2XphqdJIo,,,1
729115513138241536,Ananya Banerjee,DrAnanyaBan,Sun May 08 01:07:39 +0000 2016,42,171,982,120,0,,"Public Health Practitioner, Emory alumna-inspired by activism, community engagement, music, and holistic health and fitness. Atlantan by choice.","Atlanta, GA",https://t.co/BgrDreh4h5,,,0
355918680,Victoria Ireton,Victoria_Ireton,Tue Aug 16 02:35:57 +0000 2011,644,838,5896,6458,2,,Current @LynchAssociates | Former @sethmoulton | @Suffolk_U alumna | Content made possible by my commute on the #redline,"Boston, MA",,,,0
1580986370,Westside Fireman,WestsideFireman,Tue Jul 09 17:39:30 +0000 2013,4023,255,3920,13469,53,,"Fireman, Afghanistan vet, father of 4 girls and sports fan ⚓️ 💪🏻Hoosiers, Colts, Pacers & Cubs.  Trolls & MAGA’s get blocked 😎",,,,,0
219316380,Piers Platt,piersplatt,Wed Nov 24 14:42:16 +0000 2010,1517,119,349,383,13,,"Sci Fi author, former choir boy, US Army veteran, and frequent MTA detainee.",New York,https://t.co/mELfF54ybn,,,0
1112964277,Talat Aman,talataman,Wed Jan 23 00:00:42 +0000 2013,401,1301,1719,566,1,,@hsdems Vice Chairman. Yale '23.,Boston MA,https://t.co/fTVrgH6aNI,,,0
96239680,Cassie Moreno,cassiejmoreno,Sat Dec 12 00:30:12 +0000 2009,1452,2919,23076,5712,14,,Comms with City Councilor At-Large Michelle Wu @wutrain | 👋 cassie@michelleforboston.com,"Mission Hill, Boston",https://t.co/V4LEGiQn38,,,0
179196569,Wilmington MA Police,WilmingtonMAPD,Mon Aug 16 18:58:47 +0000 2010,7468,660,1619,5779,149,,"Official Twitter of the Wilmington, MA Police Dept. This account is not monitored 24 hours a day and should NOT be used to report emergencies or crimes.","Wilmington, MA",https://t.co/2GxheGYGO2,,,1
2783231383,Amy McGrath,AmyMcGrathKY,Mon Sep 01 00:58:43 +0000 2014,89676,1923,3879,3683,532,,"mother of 3 (all potty trained now), wife, retired Marine, F/A-18 pilot, Kentuckian, loves dogs, #CountryoverParty","Georgetown, KY",,,,1
252764352,Andrew deGrandpre,adegrandpre,Tue Feb 15 21:26:54 +0000 2011,14506,3140,12193,18404,499,,Deputy national security editor at the @washingtonpost | Past: Editor/Pentagon chief @MilitaryTimes | Phisherman | Les Expos de Montréal are my Brooklyn Dodgers,"Washington, D.C.",https://t.co/iNHQkfzLBk,,,1
524024759,Bruno Amato,BrunoAmato_1,Wed Mar 14 05:04:31 +0000 2012,90177,65017,175664,16709,447,,US Navy Veteran🌊🌊🌊...Screen Actors Guild...Son of Italian Immigrants...Son of 💜 Purple Heart Recipient...Ex- Ironworker...Animal Lover🐱🐶🐯...Dream Big!,"California, USA",https://t.co/OvjDr7i8wm,,,1
910492003359760384,John O. Brennan,JohnBrennan,Wed Sep 20 13:13:04 +0000 2017,651562,31,0,102,3288,,Former CIA Director (2013-17). Nonpartisan American who is very concerned about our collective future.,,,,,1
900516768032202752,Jared Golden,golden4congress,Thu Aug 24 00:35:03 +0000 2017,7207,184,204,417,178,,Campaign Account - Congressman Representing Maine’s 2nd District - #TeamGolden,"Maine, USA",https://t.co/Y0Zt10prbn,,,1
851477335052140544,Jason Crow,JasonCrowCO6,Mon Apr 10 16:49:51 +0000 2017,17609,258,582,1184,306,,"Congressman for #CO06. Dad, Husband to @DeseraiCrow, former Army Ranger.","Aurora, CO",https://t.co/J9PDF4yM2v,,,1
21533653,Joel,joelberg,Sun Feb 22 01:10:28 +0000 2009,220,210,3345,4685,6,,essence,,,,,0
172858784,Tim Kaine,timkaine,Fri Jul 30 20:00:32 +0000 2010,988116,775,827,9969,6266,,"Husband to @AnneHolton, father of 3. U.S. Senator from Virginia. In my free time, I’m either outdoors, reading, or jamming on the harmonica.","Richmond, VA",https://t.co/YNK0Xrmt2G,,,1
22012091,Steny Hoyer,LeaderHoyer,Thu Feb 26 14:13:01 +0000 2009,116019,4044,155,17883,2894,,"The Majority Leader of the U.S. House of Representatives, representing Maryland's Fifth Congressional District.","Washington, DC",https://t.co/g3oF48msqg,,,1
172377413,Pat Ryan,PatRyanUC,Thu Jul 29 15:26:35 +0000 2010,4404,1169,3493,5202,107,,Husband | Veteran | Entrepreneur | Ulster County Executive | Alumni of @WestPoint_USMA and @GeorgetownCSS,"Gardiner, NY",https://t.co/sOCRPWNojg,,,0
343063239,Phillip Carter,Carter_PE,Wed Jul 27 00:47:09 +0000 2011,17184,2757,16125,9159,493,,"@RANDCorporation researcher focused on personnel, budget, acquisition, and #natseclaw issues; adjunct prof at @GeorgetownLaw. Opinions=mine / RT≠endorsement","Washington, DC",https://t.co/8EPffZvRPn,,,1
902725445334044677,Cuomo Prime Time,CuomoPrimeTime,Wed Aug 30 02:51:32 +0000 2017,80824,7019,52,1523,445,,"When he faces power, no one gets a pass. #CuomoPrimeTime with @ChrisCuomo airs weeknights at 9 p.m. ET on CNN. #LetsGetAfterIt",,,,,1
3335285548,New Politics,new_poli,Fri Jun 19 17:59:29 +0000 2015,2719,2453,1034,1667,30,,Building a new generation of servant leaders one campaign at a time.,"Boston, MA",http://t.co/bglMjYdUcd,,,0
17112878,State of the Union,CNNSotu,Sun Nov 02 10:52:24 +0000 2008,169299,657,175,16997,1788,,From the staff of CNN's State of the Union with @JakeTapper. Watch Sundays at 9a ET on @CNN & @CNNi + 12p ET on @CNN. Always on @CNNgo! #CNNSOTU,"Washington, D.C.",https://t.co/eBi9jSp7W6,,,1
9855132,ifaw,action4ifaw,Thu Nov 01 15:19:43 +0000 2007,78853,2786,10301,11125,1292,,"IFAW explores new ways to improve conditions for animals, people, and the place we call home—and we’ve been leading the way for over 50 years.","Washington, DC",https://t.co/dKPEKeaxwV,,,1
917577254221336578,Kasie DC,KasieDC,Tue Oct 10 02:27:19 +0000 2017,31727,54,738,2789,377,,"Sunday nights, 7-9 p.m. ET on @MSNBC!","Washington, DC",,,,1
941095504498384897,Serve America,serve_america,Thu Dec 14 00:00:27 +0000 2017,2767,4797,1143,767,22,,Seth Moulton's effort to deliver America's next generation of leaders. 🇺🇸🗳️,United States,https://t.co/OQBZqApAQy,,,0
600422073,Jared Polis,PolisForCO,Tue Jun 05 19:10:00 +0000 2012,10576,717,392,2135,167,,"Independent leader, turning bold ideas into real results. Running for #COGov for energy independence, education, universal health care, and an inclusive economy","Littleton, CO",https://t.co/gQ80sgNioX,,,1
19608297,Human Rights Campaign,HRC,Tue Jan 27 18:55:38 +0000 2009,820697,157544,18474,47506,8909,,"HRC is the nation’s largest LGBTQ civil rights organization. We envision a world where LGBTQ people are ensured equality at home, at work & in every community.","Washington, DC",https://t.co/aqJODv04ld,,,1
16465385,The Nobel Prize,NobelPrize,Fri Sep 26 08:47:58 +0000 2008,451114,575,481,8262,4878,,The official Twitter feed of the Nobel Prize @NobelPrize #NobelPrize,"Stockholm, Sweden",https://t.co/5YEscsEeZ9,,,1
82454166,Josh Zakim,joshzakim,Wed Oct 14 20:50:57 +0000 2009,6106,1072,7173,7767,118,,"Boston City Councilor, District 8. Chair of the Committee on Civil Rights. #bospoli #mapoli",Boston,https://t.co/ONxTrsHksz,,,1
22044727,Senator Amy Klobuchar,SenAmyKlobuchar,Thu Feb 26 18:50:05 +0000 2009,30325,5308,25,416,666,,Official Twitter account of United States Senator Amy Klobuchar from Minnesota. Tweets by Senator Klobuchar signed -AK.,,https://t.co/bz6bwQJCwZ,,,1
877262327837581312,Brendan Kelly,Kelly4SouthrnIL,Tue Jun 20 20:30:12 +0000 2017,4250,483,211,724,93,,Running for IL-12 because people in Southern IL are hurting and Congress still isn’t listening. Prosecutor & vet -- always fighting for you!,IL-12,https://t.co/tZnm9yca5H,,,1
1964991720,Maura Healey,maura_healey,Wed Oct 16 15:45:25 +0000 2013,43278,7207,2646,6629,457,,"Attorney General of Massachusetts, tweeting from the AG's office as @MassAGO. Managed by Maura's team at the Maura Healey Committee. https://t.co/yTYKJzlsdW.",Massachusetts,https://t.co/yTYKJzlsdW,,,1
984856676875382784,Richard A Clarke,richardclarke,Fri Apr 13 18:11:44 +0000 2018,7565,427,513,543,116,,"30yrs of public service @WhiteHouse, @StateDept & @DeptofDefense security, cyber, terrorism; author; @GHSRM @MiddleEastInst, Host of #FutureState Podcast","Washington, DC",https://t.co/gRrKHPNeVg,,,1
244655353,David Axelrod,davidaxelrod,Sat Jan 29 20:34:55 +0000 2011,1138962,663,118,11412,10864,,"Director, UChicago Institute of Politics. Senior Political Commentator @CNN. Author, Believer: My Forty Years in Politics. Host of The Axe Files podcast and TV.",,,,,1
102834524,Daniel Riley,Dcwriley,Fri Jan 08 00:31:19 +0000 2010,1621,932,3861,1548,30,,"Infantryman, Adventurer, Congressional Staffer, Campaign Hack. Depends on the day. Obvious: tweets are my own & I’m terrible: so RTs/etc don’t reflect my boss",,,,,0
44135322,Yonah Freemark,yfreemark,Tue Jun 02 15:11:20 +0000 2009,18001,298,5484,20329,900,,Urbanism/Politics | 🌹🌱 | PhD candidate in city planning @MITdusp | https://t.co/olw3ryjUGD,"Cambridge, MA",https://t.co/TgjewPzTbI,,,1
78408666,Veterans Affairs,DeptVetAffairs,Tue Sep 29 20:32:28 +0000 2009,625740,746,1478,29000,4450,,Official Twitter feed of the U.S. Department of Veterans Affairs. Following a Twitter user does not signify VA endorsement.,"Washington, D.C.",https://t.co/kfcLwsAHxx,,,1
1074670965009903622,Tina Belge for SC Senate 6,TinaforSenate6,Mon Dec 17 14:21:39 +0000 2018,1611,138,96,132,16,,"Dem Candidate for SC Senate District 6. Wife. Mother. Public Servant. #MomsInGov
https://t.co/4CLBMoNo0W","Travelers Rest, SC",https://t.co/TTEAcb8QlJ,,,1
3333055535,Eric Holder,EricHolder,Thu Jun 18 17:40:27 +0000 2015,489057,63,88,739,2448,,AG 82,,,,,1
151519500,House Veterans' Affairs,VetAffairsDems,Thu Jun 03 15:54:10 +0000 2010,6116,1374,932,2170,169,,Chairman @RepMarkTakano | House Committee on Veterans’ Affairs,"Washington, D.C.",https://t.co/XAfH0YKYIm,,,1
22650211,Good Morning America,GMA,Tue Mar 03 17:40:29 +0000 2009,3646178,2425,6597,213687,17037,,Put some GOOD in your morning! Watch @GMA at 7am and around the clock at https://t.co/zWNTWbVVGq! Watch @StrahanAndSara at 1pm ET/12pm c/p weekdays!,"New York, NY",https://t.co/6BMCustbHK,,,1
16129920,Rachel Maddow MSNBC,maddow,Thu Sep 04 15:02:12 +0000 2008,9632786,3283,4,10237,48836,,"I see political people..._x000d_
(Retweets do not imply endorsement.)","New York, NY USA",http://t.co/KtNvfeNDMl,,,1
23995748,The Root,TheRoot,Thu Mar 12 18:09:36 +0000 2009,497072,14471,5349,119668,6131,,The Root is a digital magazine that provides thought-provoking commentary and news from a variety of black perspectives.,"New York, NY",https://t.co/jiZkc7jNmo,,,1
2836421,MSNBC,MSNBC,Thu Mar 29 13:15:41 +0000 2007,2505550,636,672,169503,22550,,"The place for in-depth analysis, political commentary and informed perspectives.",,https://t.co/5TAF6ijWwt,,,1
447705148,Shelby Fleig,shelbyfleig,Tue Dec 27 05:32:24 +0000 2011,940,796,3571,2982,34,,"reporter @DMRegister, covering @amyklobuchar in Iowa. grad @MedillSchool @Unl_CoJMC shelbyfleig@dmreg.com",Des Moines,https://t.co/rOn4J5gGDx,,,1
816869611480186880,Pod Save America,PodSaveAmerica,Thu Jan 05 04:51:06 +0000 2017,428854,1,198,3292,2832,,A no-bullshit conversation about politics with hosts @jonfavs @danpfeiffer @tvietor08 & @jonlovett.,,https://t.co/dZmbRJwARU,,,1
3063996411,End Citizens United,StopBigMoney,Thu Feb 26 19:24:18 +0000 2015,55237,13264,414,10293,658,,Democratic activists fighting for true campaign finance reform.,,http://t.co/F0BtdynV6F,,,1
2334193741,James Comey,Comey,Sat Feb 08 22:52:48 +0000 2014,1255209,24,1,178,5016,,"Former FBI Director, current husband, father, and grandfather(!), writing and speaking about ethical leadership, taller and funnier in person.",,https://t.co/Whwk7c2D7l,,,1
3102272503,Ryan Sempf,RyanSempf,Sat Mar 21 23:14:23 +0000 2015,213,555,577,351,1,,Gov’t affairs and political professional | Working to #ENDALZ | Alum @NHHouseDems & @ICAreaChamber | GO HAWKS 🖤💛 & @chiefs ❤️💛 | All opinions are my own,,,,,0
35745067,Chris Ryan,wkxlnhchris,Mon Apr 27 13:49:35 +0000 2009,1830,353,822,12008,67,,"GM @wkxlnh. Host of NH Now. VP of @rockonfdn. Covered 5 NH Primaries, 7 World Series, 7 SC Finals, 4 NBA Finals and 3 Super Bowls. 1+1=3","Concord, NH",https://t.co/9zhO6zYjvh,,,0
163589845,Kevin Robillard,Robillard,Tue Jul 06 20:17:45 +0000 2010,21246,2594,10931,43735,988,,"Senior political reporter @HuffPostPol. Grew up @Politico and @thedbk. Maryland Terrapin, Massachusetts native. kevin.robillard@huffpost.com",DC,,,,1
166219963,Dave Jamieson,jamieson,Tue Jul 13 16:45:29 +0000 2010,11423,1224,2756,12471,419,,@huffpost labor reporter. dave.jamieson@huffpost.com. DM's open.,Hotcakesland,https://t.co/3OfNk6hcEA,,,1
2374466929,Task & Purpose,TaskandPurpose,Wed Mar 05 23:04:12 +0000 2014,33909,0,1835,46250,684,,"News, culture, and analysis by and for the military community. Talk to us at tips@taskandpurpose.com or slide into our DM's.",Global,https://t.co/Oohz9DBan9,,,0
18805644,FoxNewsSunday,FoxNewsSunday,Fri Jan 09 16:25:42 +0000 2009,258096,813,649,13615,3062,,Fox News Sunday with Chris Wallace,"Washington, D.C.",http://t.co/bHEAnMY75x,,,1
16815644,ABC News Politics,ABCPolitics,Thu Oct 16 22:43:16 +0000 2008,754475,476,72,127215,6358,,Reports from @ABC News' political team.,"Washington, DC",https://t.co/SO3M0qceOH,,,1
36711022,Dan Rather,DanRather,Thu Apr 30 16:56:13 +0000 2009,666980,325,2515,13660,5253,,"Journalist, storyteller, and lifelong reader. A Texan, by birth and by choice. Author of WHAT UNITES US.  https://t.co/uhwukT5WuM","New York, NY",http://t.co/rn0RB8jTqt,,,1
27338838,Dan Adams,Dan_Adams86,Sun Mar 29 00:01:38 +0000 2009,7355,5064,7717,10473,280,,"🌳 Cannabis reporter for the @BostonGlobe, author of ""This Week in Weed,” Eastie resident, recovering drummer. dadams@globe.com 🏳️‍🌈","Boston, MA",https://t.co/rkAFVQm9T3,,,1
312800783,America's Newsroom,AmericaNewsroom,Tue Jun 07 17:52:42 +0000 2011,79729,337,1172,32743,754,,Live on the FOX News Channel Every Weekday From 9-NOON EST! #AmericasNewsroom,"New York, NY",http://t.co/TiDPxgo9pq,,,1
77764733,Mayor Marty Walsh,marty_walsh,Sun Sep 27 15:55:11 +0000 2009,291293,2214,421,13395,1834,,"Mayor, City of Boston. Tweets by staff with tweets from the Mayor signed MJW.","Boston, Mass.",http://t.co/EWb07Q9QEU,,,1
45564482,New York Magazine,NYMag,Mon Jun 08 13:30:34 +0000 2009,1788061,868,1682,155036,14084,,"The ideas, people, and cultural currents that are forever reshaping the world.
Subscribe here: https://t.co/9fjwOsFFiR","New York, NY",https://t.co/h3Ulh5oQm9,,,1
1141039176,Sarah Mucha,sarahmucha,Sat Feb 02 00:10:46 +0000 2013,1782,665,3259,2727,54,,On the road for @CNN covering Joe Biden and the 2020 election | Pulitzer Prize-reading journalist. (I’m better at Instagram) Hoya Saxa sarah.mucha@cnn.com,The Campaign Trail ✈️,https://t.co/PfJpiuO2fB,,,1
450941680,This Week,ThisWeekABC,Fri Dec 30 21:09:43 +0000 2011,168891,1146,81,78521,2191,,"The official Twitter account of @ABC News' This Week, hosted by @GStephanopoulos.",,http://t.co/ArwX6L8uo4,,,1
961493024,John Scianimanico,JohnScian,Wed Nov 21 00:43:23 +0000 2012,266,455,1167,1042,5,,"NY native. Graduate of @Kennedy_School & @AmericanU. @tfa_alabama alum. Work at the intersection of policy, data, and philanthropy with @Arnold_Ventures","Houston, TX",,,,0
44660449,POTUS Press Pool,POTUSPressPool,Thu Jun 04 16:56:21 +0000 2009,29423,1524,3697,27246,591,,"SiriusXM 124 brings you the Press Pool 3-6pm ET, Mon-Fri. Hear Julie Mason w/ reporters on the day's top news and more!","Washington, DC",http://t.co/KS9b339445,,,0
2205277231,Yasmin Radjy,yasminradjy,Wed Nov 20 17:18:03 +0000 2013,1978,1719,9873,6435,46,,National Political Director @PPact 💕 | @Resist_School Co-Founder💪🏽 | Proud Iranian American 🇮🇷🇺🇸 | @Kennedy_School + @Penn alumna 📚 Views my own,"Washington, DC",https://t.co/6jr55nXMQa,,,0
23593446,David Cicilline,davidcicilline,Tue Mar 10 13:53:21 +0000 2009,91428,4801,2631,19106,1512,,Congressman for Rhode Island’s 1st District.   DPCC Chair.  Antitrust Subcommittee Chairman. #ForThePeople,,,,,1
373522445,Bradley P. Moss,BradMossEsq,Wed Sep 14 18:42:23 +0000 2011,69101,796,5657,93624,1118,,"National security lawyer, lawful transparency and whistleblower advocate, and “Father of Daughters”. Occasional media commentator. ProtonMail & Signal available","Washington, DC",https://t.co/LkKD0cz6gR,,,1
263473924,Elizabeth Landers,ElizLanders,Thu Mar 10 03:15:18 +0000 2011,42891,1735,19606,23309,986,,"DC correspondent, @ViceNews Tonight on HBO. survived the Bernie/@VP campaign trail. Alum of @cnn, @tuftsuniversity. Tallahassee native. fashion fan.","Washington, DC",https://t.co/ev1Kmmquwz,,,1
158414847,The Daily Show,TheDailyShow,Tue Jun 22 16:41:05 +0000 2010,7951127,531,1274,18985,37020,,Trevor Noah & The World’s Fakest News Team. Weeknights 11/10c @ComedyCentral. Tickets: https://t.co/otjFIiMtNU,,https://t.co/BAakBFaEGx,,,1
894680030361636865,SE Cupp Unfiltered,UnfilteredSE,Mon Aug 07 22:01:56 +0000 2017,16108,18,2,1368,155,,"Right to the point. Join @secupp on @CNN, Saturdays at 6p ET.",,,,,1
166371861,Jeff scheid,JeffScheid,Wed Jul 14 00:23:44 +0000 2010,2057,997,786,4571,81,,"Documentary photographer in search of stories, enjoy street food (never been sick) and my bucket list is touring wine regions around the world.","Las Vegas, NV",https://t.co/c66PZCJzqp,,,0
122505640,Danielle Veith,dsyreetav,Fri Mar 12 23:28:35 +0000 2010,1107,1244,9361,4154,7,,"Writer, Mom, #GunSense Activist & @MomsDemand volunteer leader in Maryland. Opinions my own. #2Abros blocked. #MDpolitics #ExpectUs #KeepGoing #EndGunViolence","Washington, DC",https://t.co/idaEMiKGZN,,,0
26642006,Alyssa Milano,Alyssa_Milano,Thu Mar 26 00:34:20 +0000 2009,3590608,4143,22639,57735,37487,,🇺🇸 Check out @sorrynotsorry @PatNotPart and @NoRA4USA Please follow my other accounts for career updates @AlyssaDotCom @TouchByAM #NoRA,Los Angeles,https://t.co/DOhhBYiEHZ,,,1
27973524,Alice Stewart,alicetweet,Tue Mar 31 21:56:53 +0000 2009,16536,2936,4454,15182,416,,@CNN Political Commentator ~ @HarvardIOP Resident Fellow ~ @NPR Contributor ~ Marathoner ATL➡️SAV➡️LIT➡️DCA Insta: alicestewartdc,"Washington, DC",https://t.co/lVD6ZOHhLX,,,1
739119366,Robert Wolf,robertwolf32,Sun Aug 05 19:42:08 +0000 2012,10115,583,2245,8294,162,,"https://t.co/COI4ZoQMbM [32 Ventures, Strategic Worldviews, 100K Ventures, Measure]/ Board @ObamaFoundation /contributor #FoxNews / RTs ≠ Endorsements",,,,,1
15347644,The Resistance Movement,ResistMoveTRM,Mon Jul 07 23:15:46 +0000 2008,5218,1726,20168,240369,135,,The Resistance Movement on Twitter | Fmr @IURadioNewtork Network | Truthtellers  | 1 of The 617K @BarackObama Follows |  #TeamWarren | #SaveAmerica,A2-Michigan #GoBlue!,,,,0
241201438,Bakari Sellers,Bakari_Sellers,Fri Jan 21 18:10:56 +0000 2011,210965,3709,13212,45971,1713,,Former SC House of Rep '06 - '14. Democratic nominee for Lt. Gov. '14. @CNN @StromLaw. Blocked by the most powerful man in the 🌎. https://t.co/uxL2xu6HuF,"Denmark, SC",https://t.co/ZR4qMXo4gZ,,,1
279222187,Intrepid Fallen Heroes Fund,IntrepidHeroes,Fri Apr 08 20:54:48 +0000 2011,7282,4554,2733,7188,153,,Our Mission: Serve United States military personnel experiencing the Invisible Wounds of War: #TBI & Post-Traumatic Stress. #SupportOurTroops #HealOurHeroes,"New York, NY",,,,0
27149021,Tonya V. James,TonyaVJames1,Sat Mar 28 01:30:02 +0000 2009,582,1025,6281,1759,17,,"Now:@sethmoulton SC State Director then:@ronnierossva,@Timkaine, @lindseydavistover @ralphnortham @vademocrats @marines #retiredmarine opinions are mine.","South Carolina, USA",https://t.co/kkKq3J7jf8,,,0
1108412947645243393,Pennsylvania For Pete Buttigieg,pa4_pete,Wed Mar 20 17:00:14 +0000 2019,1264,957,6129,4432,12,,Pennsylvania grassroots supporters of Mayor Pete Buttigieg #Buttigieg2020 Donate at the link below. #PeteForAmerica #PA4Pete Not affiliated with the campaign.,"Philadelphia, PA",https://t.co/G0NsdQ4dSD,,,0
271962241,Jim Mowrer,jimmowrer,Fri Mar 25 14:46:49 +0000 2011,1814,1416,623,2268,74,,"Iraq War Vet @USarmy, @barackobama Admin, fmr Vice Chair of @iowademocrats & fmr staff @joebiden. Supporter of @ATcure & @eastersealsiowa. Prof @GrandViewUniv","Des Moines, IA",,,,1
21692297,The Advocate,TheAdvocateMag,Mon Feb 23 20:52:12 +0000 2009,277082,1049,4495,60974,4867,,"Your source for LGBTQ news, since 1967.","Los Angeles, CA",https://t.co/UZYfyxSoGt,,,1
317882356,John Verdejo 🇵🇷,JohnVerdejo,Wed Jun 15 16:36:04 +0000 2011,1280,1164,7800,13680,71,,Father • Hijo de Puertorro • Yankees • WWE Fan • DNC Committee Member • NC Politics = “I just get up in the morning and I can't let them win” - Harry Belafonte,"Raleigh, North Carolina",https://t.co/3iMjQACAQa,,,0
19032726,Larken Egleston,Larken,Thu Jan 15 18:39:11 +0000 2009,5294,799,2381,6293,117,,"@CLTgov #cltcc City Councilmember
Certified Specialist of Spirits @RNDC_USA
@PlazaMidwoodOrg #CLT Resident
Preservationist
Volunteer FF @LongCreekFD","Charlotte, NC",https://t.co/qiKFkCQFiR,,,1
950829948083851264,Christy Clark,ChristyClarkNC,Tue Jan 09 20:41:40 +0000 2018,2124,2540,4980,918,39,,Representative for NC House District 98 | North Mecklenburg | RTs are not endorsements.,"Huntersville, NC",https://t.co/f7391K5dcq,,,1
69297657,Edward M. Kennedy Institute for the U.S. Senate,EMKInstitute,Thu Aug 27 14:01:03 +0000 2009,11475,264,1313,11205,179,,"Invigorating public discourse, inspiring the next generation of teachers, students, and citizens. Using technology to break new ground in immersive learning.","Boston, Massachusetts",https://t.co/Aqxmoc9KJT,,,1
1876175636,Adam Sexton,AdamSextonWMUR,Tue Sep 17 16:55:36 +0000 2013,6178,1595,4499,7357,159,,"@WMUR9 Political Director. Host, CloseUp NH. Proud Husband of @603Amanda, Dada to Ham & Sock. @49ers & @Mariners fan. The North Remembers.",New Hampshire,https://t.co/Mc5FvmTr3o,,,1
1880725393,Sunrise Movement 🌅,sunrisemvmt,Wed Sep 18 20:00:13 +0000 2013,98863,2512,21578,8807,1132,,We are building an army of young people to stop climate change and create millions of good jobs in the process through a #GreenNewDeal.,United States,https://t.co/SHEkMCIfUb,,,1
3226282347,INSIDER,thisisinsider,Fri May 01 14:53:51 +0000 2015,362128,584,2338,127566,2823,,"Our mission is to inform and inspire. Follow us on Facebook, Instagram, and YouTube. Visit our home page for the top stories of the day.","Manhattan, NY",https://t.co/2r7Eso9QZR,,,1
1283359081,Gwen Graham,GwenGraham,Wed Mar 20 14:03:48 +0000 2013,27110,2901,1936,5053,365,,Mom. Wife. Animal lover. Public education advocate. Former member of Congress and Democratic candidate for Governor of Florida.,"Florida, USA",,,,1
22286860,Chris Sicuranza,chrissicuranza,Sat Feb 28 19:29:28 +0000 2009,1229,1923,1961,8249,57,,[Tweets are my own] Frmr. Gloucester Dir. of Comm & Constituent Services; Political Strategist; Brand Snob; Mass. Lover; Proud Geek; Entrepreneur,"Gloucester, MA",https://t.co/0eprrN31I7,,,0
342768115,Polk Co. Democrats,polkdems,Tue Jul 26 15:10:34 +0000 2011,2442,1673,1912,2213,51,,"Working to elect Democrats and to sustain & advance principles of social justice, democracy, civil rights, liberties, & constitutional gov't.","Des Moines, IA",https://t.co/d1xZXsItf3,,,0
82643763,Paul Steinhauser,steinhauserNH1,Thu Oct 15 15:37:13 +0000 2009,15355,1821,216,14454,706,,"#nhpolitics most versatile reporter: @foxnewspolitics 
@ConMonitorNews @seacoastonline @JackHeathRadio @wkxlnh; Former @CNN Political Editor & NH1News Pol. Dir.","Concord, NH",https://t.co/f0SzYmSPZS,,,1
818536152588238849,Rep. Vicente Gonzalez,RepGonzalez,Mon Jan 09 19:13:21 +0000 2017,4901,357,252,1126,269,,Proudly representing the 15th District of Texas in U.S. Congress   #TX15GettingItRight,,https://t.co/SR7eieBdVD,,,1
834205583637147652,Kim Olson Col. USAF ret.,KimOlsonTx,Wed Feb 22 00:58:04 +0000 2017,52851,430,8031,4243,179,,"Grandmother, wife, retired Colonel, farmer, and proud Democrat running for U.S. Congress in TX-24 (D).","Texas, USA",https://t.co/Mn1Q0nSmpN,,,0
761167885720956929,Common Defense,commondefense,Thu Aug 04 11:52:20 +0000 2016,68948,2024,9001,9407,491,,A national grassroots movement of diverse veterans & military families mobilizing against Trump and his dangerous agenda #VetsVsHate #VetsAgainstTrump,,https://t.co/AJbBcaVJxo,,,1
956779022,Alexander McCoy,AlexanderMcCoy4,Mon Nov 19 05:08:13 +0000 2012,6389,4468,16356,33496,97,,"@USMC Veteran. Political Director @commondefense. #VetsOrganize trainer. Writing in @nytimes, @Reuters, @ForeignPolicy, & @TaskandPurpose.","New York, NY",https://t.co/AJbBcaVJxo,,,0
17877451,Meg Kinnard,MegKinnardAP,Thu Dec 04 20:21:03 +0000 2008,31847,1882,15131,30250,898,,@AP national politics reporter • Covering 2020 • Formerly at @NationalJournal • Hoya Saxa • @GeorgetownSFS • Memphis born & bred • This is my account.,"South Carolina, USA",https://t.co/5D5UPMObcp,,,1
22162854,Planned Parenthood Action,PPact,Fri Feb 27 17:18:45 +0000 2009,495978,2281,5949,45937,5346,,"Paid for in part by Planned Parenthood Votes, 123 William St., NY NY 10038. Not authorized by any candidate or candidate's committee.",USA,https://t.co/MwnKtaso7n,,,1
605153786,"Leana Wen, M.D.",DrLeanaWen,Mon Jun 11 05:56:19 +0000 2012,71788,3511,4526,21329,937,,"President of Planned Parenthood Action Fund @PPact. Pres/CEO of @PPFA. Fmr Baltimore City Health Commissioner. Emergency physician, patient advocate, Eli's Mom.","Baltimore, MD",https://t.co/12CHSWECs1,,,1
1634142439,Rachael Hartley RD,RHartleyRD,Wed Jul 31 00:03:11 +0000 2013,2972,972,3041,7891,162,,"Non-diet dietitian and Intuitive Eating Counselor on a mission to help you rediscover the joy of eating. 
Virtual & in person counseling - Columbia, SC","Columbia, SC",https://t.co/yEwD2TrUHs,,,0
982785638272520193,Carrie Counton,Countonforsc,Sun Apr 08 01:02:10 +0000 2018,894,387,500,230,9,,"Democratic candidate for South Carolina State House of Representatives. District 19. Greenville,SC.","Sans Souci, SC",https://t.co/BWZlUldr6c,,,1
86129724,Robert Costa,costareports,Thu Oct 29 18:23:23 +0000 2009,498453,3627,2683,37548,8226,,"National political reporter, @WashingtonPost; Moderator, @WashingtonWeek; Political analyst, @NBCNews and @msnbc","Washington, D.C.",https://t.co/aWevmK6or2,,,1
14345113,Washington Post Live,postlive,Wed Apr 09 20:11:18 +0000 2008,21389,838,835,12028,747,,Advancing the conversation from the live journalism division of @washingtonpost.,"Washington, D.C.",https://t.co/IonXuF0Qs8,,,1
753937681969807360,Maureen Elias,MaureenElias2,Fri Jul 15 13:02:05 +0000 2016,1088,1173,15682,6424,22,,"Veteran Advocate, mental health professional, mother, U.S. Army vet, and military spouse. Views expressed are my own.","Bowie, MD",https://t.co/BNU7rlOyR3,,,0
2190455168,Jessica Nigro,JessNigroDC,Tue Nov 12 14:30:20 +0000 2013,397,468,3045,1095,13,,"Enthusiast for all things travel, wine, and general Washington shenanigans... 11 years with @Daimler (Head of Tech & Inno Policy); all views are my own.","Washington, DC",,,,0
797455417391677440,Kaylee McGhee,KayleeDMcGhee,Sat Nov 12 15:06:02 +0000 2016,554,457,8977,218,18,,"Commentary writer for @DCExaminer | @Hillsdale grad | Seen in @WeeklyStandard, @OCRegister, @DetroitNews, et al.",Deep State,https://t.co/tKDUwKzTBH,,,0
